name,profession,address,url
Dr. Matti Aapro,Onkologe,"Route du Muids 3, 1272 Genolier",https://www.onedoc.ch/de/onkologe/genolier/pb5j/dr-matti-aapro
Dr. Matti Aapro,Onkologe,"Route du Muids 3, 1272 Genolier",https://www.onedoc.ch/de/onkologe/genolier/pbrc4/dr-matti-aapro
Dr. Matti Aapro,Onkologe,"Chemin Château-de-Bellerive 2-4, 1245 Collonge-Bellerive",https://www.onedoc.ch/de/onkologe/collonge-bellerive/pbrc3/dr-matti-aapro
Dr. Niccoletta Aapro,Psychiater,"Chemin Château Bellerive 2-4, 1245 Collonge-Bellerive",https://www.onedoc.ch/de/psychiaterin/collonge-bellerive/px6/dr-niccoletta-aapro
Dr. Stéphane Aazam,Augenarzt,"Avenue du Servan 38, 1006 Lausanne",https://www.onedoc.ch/de/augenarzt/lausanne/pb4sf/dr-stephane-aazam
Dr. Stéphane Aazam,Augenarzt,"Faubourg de l'Hôpital 81, 2000 Neuenburg",https://www.onedoc.ch/de/augenarzt/neuenburg/pb4sa/dr-stephane-aazam
Dr. Stéphane Aazam,Augenarzt,"Rue Dr-Schwab 8, 2610 Saint-Imier",https://www.onedoc.ch/de/augenarzt/saint-imier/pb4r3/dr-stephane-aazam
Dr. Stéphane Aazam,Augenarzt,"Route de la Maladière 16, 1022 Chavannes-près-Renens",https://www.onedoc.ch/de/augenarzt/chavannes-pres-renens/pb45s/dr-stephane-aazam
Dr. Christof Abächerli,Orthopädischer Chirurg,"Schänisweg, 5001 Aarau",https://www.onedoc.ch/de/orthopadischer-chirurg/aarau/pzxk/dr-christof-abacherli
Dr. Christof Abächerli,Orthopädischer Chirurg,"Schänisweg, 5000 Aarau",https://www.onedoc.ch/de/orthopadischer-chirurg/aarau/pbst6/dr-christof-abacherli
Dr. Martin Abächerli,Facharzt für Allgemeine Innere Medizin,"Bahnhofstrasse 5a, 8213 Neunkirch",https://www.onedoc.ch/de/facharzt-fur-allgemeine-innere-medizin/neunkirch/pbbyz/dr-martin-abacherli
Frau Amanda Abade,Psychologe,"Rue Saint-Martin 2, 1003 Lausanne",https://www.onedoc.ch/de/psychologin/lausanne/pctkd/amanda-abade
Frau Amanda Abade,Psychologe,"Avenue Alexandre-Vinet 27, 1004 Lausanne",https://www.onedoc.ch/de/psychologin/lausanne/pcsfu/amanda-abade
Frau Colette Aballéa-Nihouarn,Physiotherapeut,"Avenue de Rumine 26, 1005 Lausanne",https://www.onedoc.ch/de/physiotherapeutin/lausanne/pk6v/colette-aballea-nihouarn
Dr. Vera Abassi,Hausarzt (Allgemeinmedizin),"Brünigstrasse 183, 6060 Sarnen",https://www.onedoc.ch/de/hausarztin-allgemeinmedizinerin/sarnen/pbbvl/dr-vera-abassi
Dr. med. Michael Abay,Kardiologe,"Bahnhofstrasse 56, 8001 Zürich",https://www.onedoc.ch/de/kardiologe/zurich/pw5h/dr-med-michael-abay
Dr. Silke Abaza,Anästhesiologe,"Hirschgässlein 11-15, 4051 Basel",https://www.onedoc.ch/de/anasthesiologin/basel/p1qk/dr-silke-abaza
Dr. Florentina Abazaj,Hausarzt (Allgemeinmedizin),"Löwenstrasse 29, 8001 Zürich",https://www.onedoc.ch/de/hausarztin-allgemeinmedizinerin/zurich/pcu78/dr-florentina-abazaj
Dr. Besnik Abazi,Psychiater,"Rufsteinweg 1, 4410 Liestal",https://www.onedoc.ch/de/psychiater/liestal/p1e9/dr-besnik-abazi
Dr. Chlirim Abazi,Facharzt für Allgemeine Innere Medizin,"Guido A. Zäch Strasse 1, 6207 Nottwil",https://www.onedoc.ch/de/facharzt-fur-allgemeine-innere-medizin/nottwil/pbyb6/dr-chlirim-abazi
Dr. Jetmir Abazi,Zahnarzt,"Schifflände 6, 8001 Zürich",https://www.onedoc.ch/de/zahnarzt/zurich/ppdl/dr-jetmir-abazi
Dr. Selvete Abazi-Lutolli,Facharzt für Allgemeine Innere Medizin,"Barmelweid, 5017 Barmelweid",https://www.onedoc.ch/de/facharztin-fur-allgemeine-innere-medizin/barmelweid/py2z/dr-selvete-abazi-lutolli
Dr. Mohamed Abbas,Infektiologe,"Rue Gabrielle-Perret-Gentil 4, 1205 Genf",https://www.onedoc.ch/de/infektiologe/genf/p77d/dr-mohamed-abbas
Dr. Nadji Abbas-Terki,Facharzt für Allgemeine Innere Medizin,"Route de Florissant 1, 1206 Genf",https://www.onedoc.ch/de/facharzt-fur-allgemeine-innere-medizin/genf/pm9/dr-nadji-abbas-terki
Dr. Nadji Abbas-Terki,Facharzt für Allgemeine Innere Medizin,"Rue Gabrielle-Perret-Gentil 4, 1205 Genf",https://www.onedoc.ch/de/facharzt-fur-allgemeine-innere-medizin/genf/pbwy1/dr-nadji-abbas-terki
Dr. Haythem Abbes,Radiologe,"Avenue du Grand-Champsec 80, 1950 Sitten",https://www.onedoc.ch/de/radiologe/sitten/pb13r/dr-haythem-abbes
Herr Jean-Paul Abbet,Physiotherapeut,"Rue de la Poste 5, 1920 Martigny",https://www.onedoc.ch/de/physiotherapeut/martigny/po03/jean-paul-abbet
Herr Olivier Abbet,Physiotherapeut,"Rue de la Poste 5, 1920 Martigny",https://www.onedoc.ch/de/physiotherapeut/martigny/pk6w/olivier-abbet
Dr. Philippe Abbet,Facharzt für Allgemeine Innere Medizin,"Rue d'Aoste 5B, 1920 Martigny",https://www.onedoc.ch/de/facharzt-fur-allgemeine-innere-medizin/martigny/pbixb/dr-philippe-abbet
Dr. Lisette Abbet-Perez,Psychiater,"Avenue du Grand-St-Bernard 8, 1920 Martigny",https://www.onedoc.ch/de/psychiaterin/martigny/pbim8/dr-lisette-abbet-perez
Dr. Per Abbing,Zahnarzt,"Kronenwiese 1163, 9427 Wolfhalden",https://www.onedoc.ch/de/zahnarzt/wolfhalden/ppdm/dr-per-abbing
Dr. Nikolaus Abbrederis,Facharzt für Allgemeine Innere Medizin,"Schützenwiese 8, 9451 Kriessern",https://www.onedoc.ch/de/facharzt-fur-allgemeine-innere-medizin/kriessern/pbdjn/dr-nikolaus-abbrederis
Dr. Bernhard Abbühl,Facharzt für Allgemeine Innere Medizin,"Untere Zollgasse 28, 3072 Ostermundigen",https://www.onedoc.ch/de/facharzt-fur-allgemeine-innere-medizin/ostermundigen/p37z/dr-bernhard-abbuhl
Dr. Heidi Abbühl,Kardiologe,"Freiburgstrasse 18, 3010 Bern",https://www.onedoc.ch/de/kardiologin/bern/pbugj/dr-heidi-abbuhl
Dr. Ulrich Abbühl,Handchirurg,"Zuchwilerstrasse 43, 4500 Solothurn",https://www.onedoc.ch/de/handchirurg/solothurn/pbcp4/dr-ulrich-abbuhl
Dr. Ulrich Abbühl,Handchirurg,"Leopoldstrasse 5, 4500 Solothurn",https://www.onedoc.ch/de/handchirurg/solothurn/pbcp3/dr-ulrich-abbuhl
ABC Opticiens,Augenoptiker,"Rue Saint-Laurent 6, 1003 Lausanne",https://www.onedoc.ch/de/augenoptiker/lausanne/pcpzl/abc-opticiens
Dipl. med. Sara Abdel-Aziz,Augenarzt,"Mittlere Bahnhofstrasse 8, 8853 Lachen",https://www.onedoc.ch/de/augenarztin/lachen/pcub8/dipl-med-sara-abdel-aziz
Dipl. med. Sara Abdel-Aziz,Augenarzt,"Turmstrasse 3, 8330 Pfäffikon ZH",https://www.onedoc.ch/de/augenarztin/pfaffikon/pcub9/dipl-med-sara-abdel-aziz
Dr. Hamid Abdelaziz,Zahnarzt,"Chemin du Joran 1, 1260 Nyon",https://www.onedoc.ch/de/zahnarzt/nyon/ppdn/dr-hamid-abdelaziz
Dr. med. dent. Karim Abdelghafar,Zahnarzt,"Chemin de la Charrettaz 12, 1094 Paudex",https://www.onedoc.ch/de/zahnarzt/paudex/pcp0u/dr-med-dent-karim-abdelghafar
Dr. Benjamin Abdelghany,Chirurg,"Via Pian Scairolo 34, 6915 Lugano",https://www.onedoc.ch/de/chirurg/lugano/pbz58/dr-benjamin-abdelghany
Dr. Karim Abdelhamid,Onkologe,"Rue du Bugnon 46, 1011 Lausanne",https://www.onedoc.ch/de/onkologe/lausanne/pb1bp/dr-karim-abdelhamid
Dr. Ayman Abdelkader,Facharzt für Allgemeine Innere Medizin,"Neubergstrasse 20 , 5330 Bad Zurzach",https://www.onedoc.ch/de/facharzt-fur-allgemeine-innere-medizin/bad-zurzach/p5ys/dr-ayman-abdelkader
Dr. Tarik Abdelkrim,Hausarzt (Allgemeinmedizin),"Rue de l'Europe 12, 1630 Bulle",https://www.onedoc.ch/de/hausarzt-allgemeinmedizin/bulle/pci7o/dr-tarik-abdelkrim
Herr Morad Abdellaoui,Hypnotherapeut (Hypnose),"Chemin de Rovéréaz 5, 1012 Lausanne",https://www.onedoc.ch/de/hypnotherapeut-hypnose/lausanne/pcrje/morad-abdellaoui
Dr. Adel Mahmoud Abdel-Latif,Radiologe,"Hinterbergstrasse 34a, 6312 Steinhausen",https://www.onedoc.ch/de/radiologe/steinhausen/pzxm/dr-adel-mahmoud-abdel-latif
Dr. Adel Mahmoud Abdel-Latif,Radiologe,"Im Ergel 1, 5404 Baden",https://www.onedoc.ch/de/radiologe/baden/pbst7/dr-adel-mahmoud-abdel-latif
Dr. Imene Abdelli,Onkologe,"Rue de Chasseral 20, 2300 La Chaux-de-Fonds",https://www.onedoc.ch/de/onkologin/la-chaux-de-fonds/pbylr/dr-imene-abdelli
Dr. Yasmin Abdel Moneim,Neurologe,"Frauenklinikstrasse 26, 8091 Zürich",https://www.onedoc.ch/de/neurologin/zurich/pbkym/dr-yasmin-abdel-moneim
Dr. Abdelnassir Abdelmoula,Zahnarzt,"Weltpoststrasse 16, 3015 Bern",https://www.onedoc.ch/de/zahnarzt/bern/p5yt/dr-abdelnassir-abdelmoula
Dr. Lucie Abdelmoula,Kinderarzt,"Rue Docteur Yersin 9, 1110 Morges",https://www.onedoc.ch/de/kinderarztin/morges/pcjpt/dr-lucie-abdelmoula
Dr. Amina Abdelmoumene,Radiologe,"Avenue de Beau-Séjour 6, 1206 Genf",https://www.onedoc.ch/de/radiologin/genf/p7et/dr-amina-abdelmoumene
Dr. Amina Abdelmoumene,Radiologe,"Avenue de Beau-Séjour 6, 1206 Genf",https://www.onedoc.ch/de/radiologin/genf/p7es/dr-amina-abdelmoumene
Dr. Etienne Abdelnour,Chirurg,"Rue du Bugnon 46, 1011 Lausanne",https://www.onedoc.ch/de/chirurg/lausanne/pbg4g/dr-etienne-abdelnour
Dr. Karim Abdelrahman,Gastroenterologe,"Avenue Mon-Repos 24, 1005 Lausanne",https://www.onedoc.ch/de/gastroenterologe/lausanne/pbg4h/dr-karim-abdelrahman
Dr. Hossam Abdel-Rehim,Psychiater,"Jägerweg 22, 8640 Rapperswil",https://www.onedoc.ch/de/psychiater/rapperswil/pwaj/dr-hossam-abdel-rehim
Dr. Caroline Abdel Sattar-Moser,Psychiater,"Chemin Gilbert-Trolliet 2, 1209 Genf",https://www.onedoc.ch/de/psychiaterin/genf/pt2/dr-caroline-abdel-sattar-moser
Dr. Andrew Abdel-Sayed,Facharzt für Allgemeine Innere Medizin,"Route de Chêne 34, 1208 Genf",https://www.onedoc.ch/de/facharzt-fur-allgemeine-innere-medizin/genf/p77g/dr-andrew-abdel-sayed
Dr. Beatrice Abderhalden,Facharzt für Allgemeine Innere Medizin,"Badenerstrasse 21, 8953 Dietikon",https://www.onedoc.ch/de/facharztin-fur-allgemeine-innere-medizin/dietikon/pxbp/dr-beatrice-abderhalden
Dr. Rolf Abderhalden,Arbeitsmediziner,"Jungfraustrasse 15A, 3600 Thun",https://www.onedoc.ch/de/arbeitsmediziner/thun/pvc0/dr-rolf-abderhalden
Dr. Urs Abderhalden,Zahnarzt,"Zeltweg 4, 8032 Zürich",https://www.onedoc.ch/de/zahnarzt/zurich/ppdo/dr-urs-abderhalden
Herr Ben Abderrahmane,Hörspezialist,"Boulevard de Pérolles 13, 1700 Freiburg",https://www.onedoc.ch/de/horspezialist/freiburg/pcrte/ben-abderrahmane
Herr Ben Abderrahmane,Hörspezialist,"Passerelle du Flon 5, 1003 Lausanne",https://www.onedoc.ch/de/horspezialist/lausanne/pcrqh/ben-abderrahmane
Dr. Semun Abdili,Facharzt für Allgemeine Innere Medizin,"Dorfstrasse 27, 6376 Emmetten",https://www.onedoc.ch/de/facharzt-fur-allgemeine-innere-medizin/emmetten/pbbt9/dr-semun-abdili
Dr. Semun Abdili,Facharzt für Allgemeine Innere Medizin,"Franklinstrasse 31, 8050 Zürich",https://www.onedoc.ch/de/facharzt-fur-allgemeine-innere-medizin/zurich/pbbua/dr-semun-abdili
Dr. Fatiha Abed,Hausarzt (Allgemeinmedizin),"Rue de Lyon 89-91, 1203 Genf",https://www.onedoc.ch/de/hausarztin-allgemeinmedizinerin/genf/pxm9/dr-fatiha-abed
Dr. Majid Abedin Pour,Augenarzt,"Rue de Saletta 10, 1632 Riaz",https://www.onedoc.ch/de/augenarzt/riaz/p6x6/dr-majid-abedin-pour
Dr. Majid Abedin Pour,Augenarzt,"Route de Moncor 12, 1752 Villars-sur-Glâne",https://www.onedoc.ch/de/augenarzt/villars-sur-glane/p6x7/dr-majid-abedin-pour
Dr. Majid Abedin Pour,Augenarzt,"Rue de Saletta 10, 1632 Riaz",https://www.onedoc.ch/de/augenarzt/riaz/pcu6g/dr-majid-abedin-pour
Dr. Majid Abedin Pour,Augenarzt,"Avenue de la Poste 3, 1020 Renens",https://www.onedoc.ch/de/augenarzt/renens/pcu6h/dr-majid-abedin-pour
Herr Christoph Abegg,Physiotherapeut,"Löwenstrasse 29, 8001 Zürich",https://www.onedoc.ch/de/physiotherapeut/zurich/pb5qf/christoph-abegg
Dr. Christoph Abegg,Anästhesiologe,"Chemin Monastier 10, 1260 Nyon",https://www.onedoc.ch/de/anasthesiologe/nyon/pb1bq/dr-christoph-abegg
Dr. PD Dr. med. Dr. sc. nat. Mathias Abegg,Augenarzt,"Bollwerk 19, 3011 Bern",https://www.onedoc.ch/de/augenarzt/bern/pckmi/dr-pd-dr-med-dr-sc-nat-mathias-abegg
Dr. Hamdi Abeidi,Onkologe,"Route de Sion 31, 3960 Siders",https://www.onedoc.ch/de/onkologe/siders/pvy/dr-hamdi-abeidi
Dr. Hamdi Abeidi,Onkologe,"Avenue du Grand-Champsec 80, 1950 Sitten",https://www.onedoc.ch/de/onkologe/sitten/pb13s/dr-hamdi-abeidi
Dr. Elmar Abel,Psychiater,"Hauptstrasse 22, 5312 Döttingen",https://www.onedoc.ch/de/psychiater/dottingen/psfz/dr-elmar-abel
Dr. Larisa Abel,Psychiater,"Weinbergstrasse 26, 8001 Zürich",https://www.onedoc.ch/de/psychiaterin/zurich/pbkyn/dr-larisa-abel
Dr. Tilo Abel,Psychiater,"Bruchstrasse 69, 6003 Luzern",https://www.onedoc.ch/de/psychiater/luzern/pvq6/dr-tilo-abel
Dr. Sabine Abele,Psychiater,"Sankt Leodegarstrasse 2, 6006 Luzern",https://www.onedoc.ch/de/psychiaterin/luzern/pvof/dr-sabine-abele
Dr. Sabine Abele,Psychiater,"Sankt-Anna-Strasse 32, 6006 Luzern",https://www.onedoc.ch/de/psychiaterin/luzern/pbabo/dr-sabine-abele
Dr. Adelaida Abella Garcia,Kinder- und Jugendpsychiater,"Route d'Annecy 217, 1257 La Croix-de-Rozon",https://www.onedoc.ch/de/kinder-und-jugendpsychiatrin/la-croix-de-rozon/psn/dr-adelaida-abella-garcia
Dr. Michèle Barbara Abelovsky,Psychiater,"Stampfenbachstrasse 61, 8006 Zürich",https://www.onedoc.ch/de/psychiaterin/zurich/pw5q/dr-michele-barbara-abelovsky
Dr. Norbert Abels,Kieferorthopäde,"Bahnhofstrasse 21B, 4106 Therwil",https://www.onedoc.ch/de/kieferorthopade/therwil/p1fa/dr-norbert-abels
Dr. Lea Abenhaim Halpern,Kinderarzt,"Mettlengässli 4, 3074 Muri bei Bern",https://www.onedoc.ch/de/kinderarztin/muri-bei-bern/pvcg/dr-lea-abenhaim-halpern
Dr. Doron Abergel,Zahnarzt,"Rue du Rhône 29, 1204 Genf",https://www.onedoc.ch/de/zahnarzt/genf/pcpdu/dr-doron-abergel
Dr. Emma Abergel,Kieferorthopäde,"Rue du Rhône 29, 1204 Genf",https://www.onedoc.ch/de/kieferorthopadin/genf/pcn80/dr-emma-abergel
Dr. Gilbert Abetel,Facharzt für Allgemeine Innere Medizin,"Place du Marché 6, 1350 Orbe",https://www.onedoc.ch/de/facharzt-fur-allgemeine-innere-medizin/orbe/pivh/dr-gilbert-abetel
Dr. Désirée Abgottspon,Gynäkologe (Frauenarzt und Geburtshelfer),"Spitalstrasse 24, 8180 Bülach",https://www.onedoc.ch/de/gynakologin-frauenarztin-und-geburtshelferin/bulach/pb2t5/dr-desiree-abgottspon
Dr. med. Marcus Abicht,Facharzt für Allgemeine Innere Medizin,"Hauptstrasse 84, 8280 Kreuzlingen",https://www.onedoc.ch/de/facharzt-fur-allgemeine-innere-medizin/kreuzlingen/pbrtu/dr-med-marcus-abicht
Dr. Francis Abihanna,Gynäkologe (Frauenarzt und Geburtshelfer),"Rue de Chantepoulet 25, 1201 Genf",https://www.onedoc.ch/de/gynakologe-frauenarzt-und-geburtshelfer/genf/pcpys/dr-francis-abihanna
Dr. Francis Abihanna,Gynäkologe (Frauenarzt und Geburtshelfer),"Rue du Jura 1, 1201 Genf",https://www.onedoc.ch/de/gynakologe-frauenarzt-und-geburtshelfer/genf/pck46/dr-francis-abihanna
Dr. Francis Abihanna,Gynäkologe (Frauenarzt und Geburtshelfer),"Rue Rousseau 38, 1201 Genf",https://www.onedoc.ch/de/gynakologe-frauenarzt-und-geburtshelfer/genf/pcp0v/dr-francis-abihanna
Dr. Charlotte Abild,Zahnarzt,"Rue de la Serre 9, 2000 Neuenburg",https://www.onedoc.ch/de/zahnarztin/neuenburg/pbbdl/dr-charlotte-abild
Frau Filipa Daniela G. Abilio,Physiotherapeut,"Spinnereistrasse 40, 8645 Jona",https://www.onedoc.ch/de/physiotherapeutin/jona/pk6x/filipa-daniela-g-abilio
Dr. Semaan Abi Najm,Fachzahnarzt für Oralchirurgie,"Rue Thomas-Masaryk 1, 1201 Genf",https://www.onedoc.ch/de/fachzahnarzt-fur-oralchirurgie/genf/p77h/dr-semaan-abi-najm
Dr. med. Paolo Abitabile,Spezialist für Lasermedizin,"Kaiserstrasse 1, 4310 Rheinfelden",https://www.onedoc.ch/de/spezialist-fur-lasermedizin/rheinfelden/pzxo/dr-med-paolo-abitabile
Dr. Golnar Abivardi,Zahnarzt,"Museumstrasse 1, 8021 Zürich",https://www.onedoc.ch/de/zahnarztin/zurich/pbkyp/dr-golnar-abivardi
Dr. Haleh Abivardi,Zahnarzt,"Museumstrasse 1, 8021 Zürich",https://www.onedoc.ch/de/zahnarztin/zurich/pbkyq/dr-haleh-abivardi
Herr nordine abla,Manuelle Lymphdrainage Therapeut,"Rue des Corbaz 5, 1092 Belmont-sur-Lausanne",https://www.onedoc.ch/de/manuelle-lymphdrainage-therapeut/belmont-sur-lausanne/pb433/nordine-abla
Dr. Pascale Ablinger,Intensivmediziner,"Urdorferstrasse 100, 8952 Schlieren",https://www.onedoc.ch/de/intensivmedizinerin/schlieren/pcnk2/dr-pascale-ablinger
Dr. Pascale Ablinger,Intensivmediziner,"Tièchestrasse 99, 8037 Zürich",https://www.onedoc.ch/de/intensivmedizinerin/zurich/pb2t6/dr-pascale-ablinger
Dr. Marem Abosaleh,Hautarzt (Dermatologe),"Avenue Cardinal-Mermillod 1, 1227 Carouge",https://www.onedoc.ch/de/hautarztin-dermatologin/carouge/pccxi/dr-marem-abosaleh
Dr. Medhi Abouayoub,Zahnarzt,"Chemin du Croset 7, 1024 Ecublens VD",https://www.onedoc.ch/de/zahnarzt/ecublens/pcqor/dr-medhi-abouayoub
Dr. med. (DE) Islam Abouelnaga,Wirbelsäulenchirurg,"Oberer Quai 20, 2503 Biel",https://www.onedoc.ch/de/wirbelsaulenchirurg/biel/pccnp/dr-med-de-islam-abouelnaga
Dr. Islam Abouelnaga,Orthopädischer Chirurg,"Worbstrasse 316, 3073 Gümligen",https://www.onedoc.ch/de/orthopadischer-chirurg/gumligen/pckkv/dr-islam-abouelnaga
Dr. Islam Abouelnaga,Orthopädischer Chirurg,"Avenue de la Gare 30, 1630 Bulle",https://www.onedoc.ch/de/orthopadischer-chirurg/bulle/pckkw/dr-islam-abouelnaga
Dr. Magalie Abou Fernandez,Gynäkologe (Frauenarzt und Geburtshelfer),"Route de Chêne 110, 1224 Chêne-Bougeries",https://www.onedoc.ch/de/gynakologin-frauenarztin-und-geburtshelferin/chene-bougeries/p7ex/dr-magalie-abou-fernandez
Dr. May Abou Hadeed,Augenarzt,"Bahnhofstrasse 11, 4242 Laufen",https://www.onedoc.ch/de/augenarztin/laufen/p01e/dr-may-abou-hadeed
Dr. May Abou Hadeed,Augenarzt,"Bahnhofstrasse 15, 8808 Freienbach",https://www.onedoc.ch/de/augenarztin/freienbach/p01f/dr-may-abou-hadeed
Dr. Wael Khaled Ibrahim Abou Hadeed,Chirurg,"Hauptstrasse 55, 4102 Binningen",https://www.onedoc.ch/de/chirurg/binningen/p1fb/dr-wael-khaled-ibrahim-abou-hadeed
Dr. Wael Khaled Ibrahim Abou Hadeed,Chirurg,"Sihlstrasse 37, 8001 Zürich",https://www.onedoc.ch/de/chirurg/zurich/pcpvj/dr-wael-khaled-ibrahim-abou-hadeed
Dr. Wael Khaled Ibrahim Abou Hadeed,Chirurg,"Birmensdorferstrasse 318, 8055 Zürich",https://www.onedoc.ch/de/chirurg/zurich/pcpvk/dr-wael-khaled-ibrahim-abou-hadeed
Frau Christine Aboussouan,WAM Ernährungstherapeut,"Route de Frontenex 100, 1208 Genf",https://www.onedoc.ch/de/wam-ernahrungstherapeutin/genf/pcqbs/christine-aboussouan
Dr. Hamsa Abou Touk,Zahnarzt,"Industriestrasse 16, 8604 Volketswil",https://www.onedoc.ch/de/zahnarzt/volketswil/ppdp/dr-hamsa-abou-touk
Dr. Nadim Abo Youssef,Urologe,"Brauerstrasse 15, 8400 Winterthur",https://www.onedoc.ch/de/urologe/winterthur/pb4gp/dr-nadim-abo-youssef
Dr. Andreas Abplanalp,Facharzt für Allgemeine Innere Medizin,"Weissenaustrasse 27, 3800 Sundlauenen",https://www.onedoc.ch/de/facharzt-fur-allgemeine-innere-medizin/sundlauenen/pu75/dr-andreas-abplanalp
Frau Christine Abplanalp,Physiotherapeut,"Rathausgasse 62, 3011 Bern",https://www.onedoc.ch/de/physiotherapeutin/bern/pk6y/christine-abplanalp
Frau Katrin Abplanalp,Physiotherapeut,"Schwarzenburgstrasse 854, 3145 Niederscherli",https://www.onedoc.ch/de/physiotherapeutin/niederscherli/pk6z/katrin-abplanalp
Frau Simone Abplanalp,Physiotherapeut,"Römerstrasse 32, 4500 Solothurn",https://www.onedoc.ch/de/physiotherapeutin/solothurn/po04/simone-abplanalp
Dr. Rolf Abraham,Augenarzt,"Rorschacher Strasse 150, 9006 St. Gallen",https://www.onedoc.ch/de/augenarzt/st-gallen/prvy/dr-rolf-abraham
Dr. Diana Abraham-Schmitz,Gastroenterologe,"Volkshausstrasse 21a, 9630 Wattwil",https://www.onedoc.ch/de/gastroenterologin/wattwil/pv4w/dr-diana-abraham-schmitz
Dr. Lilit Abrahamyan,Psychiater,"Route de Cery, 1008 Prilly",https://www.onedoc.ch/de/psychiaterin/prilly/pb0y7/dr-lilit-abrahamyan
Dr. Marc Abramowicz,Genetiker,"Rue Gabrielle-Perret-Gentil 4, 1205 Genf",https://www.onedoc.ch/de/genetiker/genf/pbwy3/dr-marc-abramowicz
Dr. Serge Abramowski,Kinderarzt,"Rue de Lyon 89-91, 1203 Genf",https://www.onedoc.ch/de/kinderarzt/genf/pckf4/dr-serge-abramowski
Dr. Agron Abrashi,Facharzt für Allgemeine Innere Medizin,"Hauptstrasse 78, 8762 Schwanden",https://www.onedoc.ch/de/facharzt-fur-allgemeine-innere-medizin/schwanden/pr8c/dr-agron-abrashi
Dr. Sophie Abrassart,Orthopädischer Chirurg,"Avenue J.-D.-Maillard 3, 1217 Meyrin",https://www.onedoc.ch/de/orthopadische-chirurgin/meyrin/pb5az/dr-sophie-abrassart
Dr. Sophie Abrassart,Orthopädischer Chirurg,"Rue Jean-Violette 3, 1205 Genf",https://www.onedoc.ch/de/orthopadische-chirurgin/genf/pccv6/dr-sophie-abrassart
Dr. Dritan Abrazhda,Chirurg,"Les Fontenayes 17, 2610 Saint-Imier",https://www.onedoc.ch/de/chirurg/saint-imier/pbvvm/dr-dritan-abrazhda
Dr. Linda Abrecht,Kardiologe,"Sägestrasse 37a, 3550 Langnau im Emmental",https://www.onedoc.ch/de/kardiologin/langnau-im-emmental/pvdq/dr-linda-abrecht
Dr. Loïc Alexandre Abrecht,Facharzt für Allgemeine Innere Medizin,"Rue du Levant 7-9, 1373 Chavornay",https://www.onedoc.ch/de/facharzt-fur-allgemeine-innere-medizin/chavornay/pbg4i/dr-loic-alexandre-abrecht
Herr Rudolf Abrecht,Physiotherapeut,"Rue Neuve 27, 2502 Biel",https://www.onedoc.ch/de/physiotherapeut/biel/pk60/rudolf-abrecht
Dr. Marlene Adelaide Abreu,Kinderarzt,"Place du Traité-de-Turin, 1226 Thônex",https://www.onedoc.ch/de/kinderarztin/thonex/pcsbv/dr-marlene-adelaide-abreu
Herr Vitor Abreu da Costa,Osteopath,"Thunstrasse 13, 3005 Bern",https://www.onedoc.ch/de/osteopath/bern/pcn60/vitor-abreu-da-costa
Herr Vitor Abreu da Costa,Osteopath,"Thunstrasse 43A, 3005 Bern",https://www.onedoc.ch/de/osteopath/bern/pcpye/vitor-abreu-da-costa
Dr. Fernando Abril,Facharzt für Allgemeine Innere Medizin,"Route d'Arruffens 22, 1680 Romont FR",https://www.onedoc.ch/de/facharzt-fur-allgemeine-innere-medizin/romont/pfko/dr-fernando-abril
Dr. Inigo Cristobal Abril,Zahnarzt,"Kronengasse 1, 7205 Zizers",https://www.onedoc.ch/de/zahnarzt/zizers/p9sk/dr-inigo-cristobal-abril
Dr. Nicolas Abril,Facharzt für Allgemeine Innere Medizin,"Kronengasse 1, 7205 Zizers",https://www.onedoc.ch/de/facharzt-fur-allgemeine-innere-medizin/zizers/ptsd/dr-nicolas-abril
Dr. Anna-Maria Abt,Facharzt für Allgemeine Innere Medizin,"Betpurstrasse 32, 8910 Affoltern am Albis",https://www.onedoc.ch/de/facharztin-fur-allgemeine-innere-medizin/affoltern-am-albis/pbkys/dr-anna-maria-abt
Dr. Constanza Abt,Zahnarzt,"Unterdorfstrasse 66, 4934 Madiswil",https://www.onedoc.ch/de/zahnarztin/madiswil/p2zx/dr-constanza-abt
Dr. Dominik Abt,Urologe,"Rorschacher Strasse 95, 9007 St. Gallen",https://www.onedoc.ch/de/urologe/st-gallen/pbzmo/dr-dominik-abt
Herr Stefan Abt,Physiotherapeut,"Grüzefeldstrasse 32, 8400 Winterthur",https://www.onedoc.ch/de/physiotherapeut/winterthur/pchlr/stefan-abt
Dr. Urs Abt,Facharzt für Allgemeine Innere Medizin,"Hauptstrasse 28, 6260 Mehlsecken",https://www.onedoc.ch/de/facharzt-fur-allgemeine-innere-medizin/mehlsecken/pvqn/dr-urs-abt
Frau Ursula Abt,Physiotherapeut,"Walchestrasse 15, 8006 Zürich",https://www.onedoc.ch/de/physiotherapeutin/zurich/pk62/ursula-abt
Frau Angelika Abt-Mannig,Physiotherapeut,"Brunngasse 6, 8400 Winterthur",https://www.onedoc.ch/de/physiotherapeutin/winterthur/pb5rz/angelika-abt-mannig
Dr. Awad Abuawad,Hausarzt (Allgemeinmedizin),"Seefeldstrasse 187, 8008 Zürich",https://www.onedoc.ch/de/hausarzt-allgemeinmedizin/zurich/pbowl/dr-awad-abuawad
Dr. Yasser Abu-Hazima,Zahnarzt,"Rue de la Gare 27, 1530 Payerne",https://www.onedoc.ch/de/zahnarzt/payerne/pcm6x/dr-yasser-abu-hazima
Dr. Yasser Abu-Hazima,Zahnarzt,"Rue Centrale 3, 1580 Avenches",https://www.onedoc.ch/de/zahnarzt/avenches/pcpbd/dr-yasser-abu-hazima
Dr. Nebal Abu Hussein,Pneumologe (Lungenspezialist),"Freiburgstrasse 18, 3010 Bern",https://www.onedoc.ch/de/pneumologin-lungenspezialistin/bern/pbugk/dr-nebal-abu-hussein
Dr. Janine Abu-Isa,Neurochirurg,"Freiburgstrasse 18, 3010 Bern",https://www.onedoc.ch/de/neurochirurgin/bern/pbuis/dr-janine-abu-isa
Dr. Ussamah Abu-Tair,Orthopädischer Chirurg,"Pfaffenholzstrasse 4, 8500 Frauenfeld",https://www.onedoc.ch/de/orthopadischer-chirurg/frauenfeld/pb0sx/dr-ussamah-abu-tair
Dr. Sebastiano Accetta,Augenarzt,"Via Pian Scairolo 34A, 6915 Pambio-Noranco",https://www.onedoc.ch/de/augenarzt/pambio-noranco/pbeo4/dr-sebastiano-accetta
Dr. Cataldo Accietto,Facharzt für Allgemeine Innere Medizin,"Place du Lignon 2, 1219 Le Lignon",https://www.onedoc.ch/de/facharzt-fur-allgemeine-innere-medizin/le-lignon/p77k/dr-cataldo-accietto
Dr. Ettore Accolla,Neurologe,"Chemin des Pensionnats 2-6, 1708 Freiburg",https://www.onedoc.ch/de/neurologe/freiburg/pbwb6/dr-ettore-accolla
Dr. Ilker Acemoglu,Facharzt für Allgemeine Innere Medizin,"Petersgraben 4, 4031 Basel",https://www.onedoc.ch/de/facharzt-fur-allgemeine-innere-medizin/basel/pbt1l/dr-ilker-acemoglu
Dr. Ilker Acemoglu,Facharzt für Allgemeine Innere Medizin,"Urdorferstrasse 100, 8952 Schlieren",https://www.onedoc.ch/de/facharzt-fur-allgemeine-innere-medizin/schlieren/pcnj1/dr-ilker-acemoglu
Dr. Leonardo Aceto,Infektiologe,"Birmensdorferstrasse 497, 8063 Zürich",https://www.onedoc.ch/de/infektiologe/zurich/pb4gq/dr-leonardo-aceto
Dr. med. Claudio Acevedo,Facharzt für Allgemeine Innere Medizin,"Prime Center 1, 8060 Zürich",https://www.onedoc.ch/de/facharzt-fur-allgemeine-innere-medizin/zurich/pcq8c/dr-med-claudio-acevedo
Dr. Sophia Achab,Psychiater,"Rue du Grand-Pré 70c, 1202 Genf",https://www.onedoc.ch/de/psychiaterin/genf/p7ip/dr-sophia-achab
Dr. Farid Achache,Augenarzt,"Rue Pichard 11, 1003 Lausanne",https://www.onedoc.ch/de/augenarzt/lausanne/pbhis/dr-farid-achache
Dr. Anne Achard-Guenat,Kinder- und Jugendpsychiater,"Rue de la Dixence 13, 1950 Sitten",https://www.onedoc.ch/de/kinder-und-jugendpsychiatrin/sitten/pte/dr-anne-achard-guenat
Frau Sandra Achathaller,Physiotherapeut,"Giesshübelstrasse 15, 8045 Zürich",https://www.onedoc.ch/de/physiotherapeutin/zurich/pcn3b/sandra-achathaller
Dr. Alexander Achermann,Gynäkologe (Frauenarzt und Geburtshelfer),"Falkenweg 1, 6340 Baar",https://www.onedoc.ch/de/gynakologe-frauenarzt-und-geburtshelfer/baar/pu1z/dr-alexander-achermann
Dr. Alexander Achermann,Gynäkologe (Frauenarzt und Geburtshelfer),"Landhausstrasse 11, 6340 Baar",https://www.onedoc.ch/de/gynakologe-frauenarzt-und-geburtshelfer/baar/pb4ma/dr-alexander-achermann
Dr. Christof Achermann,Urologe,"Tellstrasse 25, 5001 Aarau",https://www.onedoc.ch/de/urologe/aarau/pbst8/dr-christof-achermann
Dr. Eva Achermann,Pneumologe (Lungenspezialist),"Urdorferstrasse 100, 8952 Schlieren",https://www.onedoc.ch/de/pneumologin-lungenspezialistin/schlieren/pb2t7/dr-eva-achermann
Dr. Jan Achermann,Zahnarzt,"Viehmarktstrasse 6, 3550 Langnau im Emmental",https://www.onedoc.ch/de/zahnarzt/langnau-im-emmental/ppdq/dr-jan-achermann
Dr. Philipp Achermann,Facharzt für Allgemeine Innere Medizin,"Worbstrasse 316, 3073 Gümligen",https://www.onedoc.ch/de/facharzt-fur-allgemeine-innere-medizin/gumligen/pbvvn/dr-philipp-achermann
Dr. Simon Benedikt Achermann,Facharzt für Allgemeine Innere Medizin,"Kleinbuholz 3, 6012 Obernau",https://www.onedoc.ch/de/facharzt-fur-allgemeine-innere-medizin/obernau/pvrj/dr-simon-benedikt-achermann
Dr. Maria Antonietta Achille,Psychiater,"Route de Cery, 1008 Prilly",https://www.onedoc.ch/de/psychiaterin/prilly/pb0y8/dr-maria-antonietta-achille
Dr. Bernd Achilles,Psychiater,"Spitalrain 7, 5200 Brugg AG",https://www.onedoc.ch/de/psychiater/brugg/psuw/dr-bernd-achilles
Dr. Henning Achilles,Hausarzt (Allgemeinmedizin),"Bünzstrasse 24a, 5610 Wohlen",https://www.onedoc.ch/de/hausarzt-allgemeinmedizin/wohlen/ps1m/dr-henning-achilles
Dr. Markus Achleitner,Hausarzt (Allgemeinmedizin),"Zinggenstrasse 3 A, 9443 Widnau",https://www.onedoc.ch/de/hausarzt-allgemeinmedizin/widnau/pbdnx/dr-markus-achleitner
Dr. Annabel Achor,Facharzt für Allgemeine Innere Medizin,"Route des Areneys 11B, 1806 Blonay - Saint-Légier",https://www.onedoc.ch/de/facharztin-fur-allgemeine-innere-medizin/blonay-saint-legier/pxz4/dr-annabel-achor
Dr. Faïza Djalila Achour,Psychiater,"Rue de Chantepoulet 13, 1201 Genf",https://www.onedoc.ch/de/psychiaterin/genf/pvd/dr-faiza-djalila-achour
Dr. Chahin Achtari,Gynäkologe (Frauenarzt und Geburtshelfer),"Avenue Pierre-Decker 2, 1011 Lausanne",https://www.onedoc.ch/de/gynakologe-frauenarzt-und-geburtshelfer/lausanne/pbhit/dr-chahin-achtari
Dr. Chahin Achtari,Gynäkologe (Frauenarzt und Geburtshelfer),"Chemin du Crêt 2, 1110 Morges",https://www.onedoc.ch/de/gynakologe-frauenarzt-und-geburtshelfer/morges/pb1ia/dr-chahin-achtari
Dr. Leila Achtari Jeanneret,Onkologe,"Rue de la Maladière 45, 2000 Neuenburg",https://www.onedoc.ch/de/onkologin/neuenburg/pbbdm/dr-leila-achtari-jeanneret
Dr. Annika Achter,Facharzt für Allgemeine Innere Medizin,"Chemin du Village 24, 3280 Meyriez",https://www.onedoc.ch/de/facharztin-fur-allgemeine-innere-medizin/meyriez/pbv8l/dr-annika-achter
Dr. Lutz Achtnichts,Neurologe,"Tellstrasse 25, 5001 Aarau",https://www.onedoc.ch/de/neurologe/aarau/pbst9/dr-lutz-achtnichts
Herr Bakil Acik,Ernährungsberater,"Chemin François-Furet 61, 1203 Genf",https://www.onedoc.ch/de/ernahrungsberater/genf/pctc9/bakil-acik
Dr. Ebru Acikgoz,Hausarzt (Allgemeinmedizin),"Rue Marterey 7, 1005 Lausanne",https://www.onedoc.ch/de/hausarztin-allgemeinmedizinerin/lausanne/pct6f/dr-ebru-acikgoz
Dr. Herbert Acker,Anästhesiologe,"Lengghalde 2, 8008 Zürich",https://www.onedoc.ch/de/anasthesiologe/zurich/pb4gr/dr-herbert-acker
Frau Patricia Acker,Physiotherapeut,"Berglirain 12, 8750 Glarus",https://www.onedoc.ch/de/physiotherapeutin/glarus/pk63/patricia-acker
Dr. med. Annemarie Ackerknecht,Gynäkologe (Frauenarzt und Geburtshelfer),"Lindenstrasse 8, 8500 Frauenfeld",https://www.onedoc.ch/de/gynakologin-frauenarztin-und-geburtshelferin/frauenfeld/pccq9/dr-med-annemarie-ackerknecht
Dr. med. Andreas Ackermann,Augenarzt,"Bahnhofplatz 2, 8304 Wallisellen",https://www.onedoc.ch/de/augenarzt/wallisellen/pcp4k/dr-med-andreas-ackermann
Herr Christian Ackermann,Physiotherapeut,"Bahnhöheweg 40, 3018 Bern",https://www.onedoc.ch/de/physiotherapeut/bern/pk65/christian-ackermann
Dr. Christoph Ackermann,Chirurg,"Föhrenstrasse 2, 4054 Basel",https://www.onedoc.ch/de/chirurg/basel/pbt1n/dr-christoph-ackermann
Dr. Christoph Ackermann,Chirurg,"Kleinriehenstrasse 30, 4058 Basel",https://www.onedoc.ch/de/chirurg/basel/pbt1m/dr-christoph-ackermann
Dr. Christoph Ackermann,Onkologe,"Krankenhausstrasse 12, 3600 Thun",https://www.onedoc.ch/de/onkologe/thun/pbvvo/dr-christoph-ackermann
Dr. Christoph Ackermann,Rheumatologe,"Rorschacher Strasse 95, 9007 St. Gallen",https://www.onedoc.ch/de/rheumatologe/st-gallen/pbzot/dr-christoph-ackermann
Dr. Daniel Ackermann,Facharzt für Allgemeine Innere Medizin,"Alte Hägglingerstrasse 10, 5605 Dottikon",https://www.onedoc.ch/de/facharzt-fur-allgemeine-innere-medizin/dottikon/pzxt/dr-daniel-ackermann
Dr. Daniel Ackermann,Nephrologe (Nierenspezialist),"Freiburgstrasse 15, 3010 Bern",https://www.onedoc.ch/de/nephrologe-nierenspezialist/bern/pbq6t/dr-daniel-ackermann
Dr. Franco Ackermann,Facharzt für Allgemeine Innere Medizin,"Piazzale della Stazione 3, 6900 Lugano",https://www.onedoc.ch/de/facharzt-fur-allgemeine-innere-medizin/lugano/pbeo5/dr-franco-ackermann
Dr. Hans-Peter Ackermann,Facharzt für Allgemeine Innere Medizin,"Stadthausquai 15, 8001 Zürich",https://www.onedoc.ch/de/facharzt-fur-allgemeine-innere-medizin/zurich/pbr5f/dr-hans-peter-ackermann
Dr. Karin Ackermann,Neurologe,"Birmensdorferstrasse 497, 8063 Zürich",https://www.onedoc.ch/de/neurologin/zurich/pb2v5/dr-karin-ackermann
Dr. Marco Ackermann,Zahnarzt,"Wolfbachstrasse 1, 8032 Zürich",https://www.onedoc.ch/de/zahnarzt/zurich/pxc/dr-marco-ackermann
Dr. Marco Ackermann,Psychiater,"Bergstrasse 3, 8706 Meilen",https://www.onedoc.ch/de/psychiater/meilen/pbqqj/dr-marco-ackermann
Frau Monika Ackermann,Physiotherapeut,"Angensteinerweg 3, 4144 Arlesheim",https://www.onedoc.ch/de/physiotherapeutin/arlesheim/pk66/monika-ackermann
Dr. Rainer Ackermann,Chirurg,"Spitalstrasse 13, 3860 Meiringen",https://www.onedoc.ch/de/chirurg/meiringen/p5yy/dr-rainer-ackermann
Dr. Rainer Ackermann,Chirurg,"Spitalstrasse 13, 3860 Meiringen",https://www.onedoc.ch/de/chirurg/meiringen/p5yz/dr-rainer-ackermann
Dr. Rainer Ackermann,Chirurg,"Hohmadstrasse 1, 3600 Thun",https://www.onedoc.ch/de/chirurg/thun/pbvvp/dr-rainer-ackermann
Dr. Reto Albert Ackermann,Anästhesiologe,"Landhausstrasse 11, 6340 Baar",https://www.onedoc.ch/de/anasthesiologe/baar/pb4mb/dr-reto-albert-ackermann
Dr. Roland Ackermann,Orthopädischer Chirurg,"Spitalstrasse 9, 4600 Olten",https://www.onedoc.ch/de/orthopadischer-chirurg/olten/pszf/dr-roland-ackermann
Dr. Roland Ackermann,Orthopädischer Chirurg,"Baslerstrasse 150, 4600 Olten",https://www.onedoc.ch/de/orthopadischer-chirurg/olten/pzxv/dr-roland-ackermann
Dr. Sandrine Ackermann,Gynäkologe (Frauenarzt und Geburtshelfer),"Route de Cossonay 55, 1008 Prilly",https://www.onedoc.ch/de/gynakologin-frauenarztin-und-geburtshelferin/prilly/pbf9g/dr-sandrine-ackermann
Frau Sarah Ackermann,Physiotherapeut,"Alte Landstrasse 176, 8706 Meilen",https://www.onedoc.ch/de/physiotherapeutin/meilen/pk67/sarah-ackermann
Herr Stefan Ackermann,Physiotherapeut,"Lindenplatz 21, 5042 Hirschthal",https://www.onedoc.ch/de/physiotherapeut/hirschthal/pk68/stefan-ackermann
Dr. Thomas Ackermann,Zahnarzt,"Moostrasse 2, 6003 Luzern",https://www.onedoc.ch/de/zahnarzt/luzern/pqjt/dr-thomas-ackermann
Dr. Thomas Ackermann,Zahnarzt,"Alpbachstrasse 9, 3860 Meiringen",https://www.onedoc.ch/de/zahnarzt/meiringen/pu6v/dr-thomas-ackermann
Dr. Thomas Ackermann,Psychiater,"Werkhofstrasse 2, 4500 Solothurn",https://www.onedoc.ch/de/psychiater/solothurn/pbrpj/dr-thomas-ackermann
Dr. Ulrich Ackermann,Facharzt für Allgemeine Innere Medizin,"Bahnhofplatz 2C, 2502 Biel",https://www.onedoc.ch/de/facharzt-fur-allgemeine-innere-medizin/biel/p5y1/dr-ulrich-ackermann
Frau Jolanda Ackermann-Gamba,Physiotherapeut,"Zürcherstrasse 18, 8908 Hedingen",https://www.onedoc.ch/de/physiotherapeutin/hedingen/pk69/jolanda-ackermann-gamba
Frau Amalia Ackers,Osteopath,"Allée de la Petite Prairie 8, 1260 Nyon",https://www.onedoc.ch/de/osteopathin/nyon/pkr0/amalia-ackers
Dr. Nibal Ackl,Neurologe,"Waldhausweg 154, 8596 Münsterlingen",https://www.onedoc.ch/de/neurologin/munsterlingen/pbfpr/dr-nibal-ackl
Dr. Yves Pascal Acklin,Orthopädischer Chirurg,"Gemeindeholzweg, 4101 Binningen",https://www.onedoc.ch/de/orthopadischer-chirurg/binningen/pbtnj/dr-yves-pascal-acklin
Dr. Stephanie Acklin-Geigy,Kinderarzt,"Loëstrasse 170, 7000 Chur",https://www.onedoc.ch/de/kinderarztin/chur/pbxlh/dr-stephanie-acklin-geigy
Acoustique Tardy,Hörspezialist,"Avenue de Frontenex 8, 1207 Genf",https://www.onedoc.ch/de/horspezialist/genf/pcpy1/acoustique-tardy
Dr. Fiorenzo Acquati,Kardiologe,"Via Giuseppe Motta 35, 6850 Mendrisio",https://www.onedoc.ch/de/kardiologe/mendrisio/pbeo6/dr-fiorenzo-acquati
Dr. Flavio Acquistapace,Kardiologe,"Via Ferruccio Pelli 7, 6900 Lugano",https://www.onedoc.ch/de/kardiologe/lugano/pcthq/dr-flavio-acquistapace
Dr. Isabella Actis,Hausarzt (Allgemeinmedizin),"Place du Lignon 2, 1219 Le Lignon",https://www.onedoc.ch/de/hausarztin-allgemeinmedizinerin/le-lignon/p7iq/dr-isabella-actis
Dr. Kornelia Acton,Psychiater,"Kasinostrasse 30, 5000 Aarau",https://www.onedoc.ch/de/psychiaterin/aarau/pcfjm/dr-kornelia-acton
Dr. Bertrand Actor,Neurochirurg,"Toblerstrasse 51, 8044 Zürich",https://www.onedoc.ch/de/neurochirurg/zurich/pbowq/dr-bertrand-actor
Dr. Bertrand Actor,Neurochirurg,"Toblerstrasse 51, 8044 Zürich",https://www.onedoc.ch/de/neurochirurg/zurich/pbowp/dr-bertrand-actor
Dr. Stefan Aczel,Endokrinologe (inkl. Diabetesspezialisten),"Rorschacher Strasse 311, 9016 St. Gallen",https://www.onedoc.ch/de/endokrinologe-inkl-diabetesspezialisten/st-gallen/pbdny/dr-stefan-aczel
Dr. Cécile Adam,Kinderarzt,"Rue du Bugnon 46, 1011 Lausanne",https://www.onedoc.ch/de/kinderarztin/lausanne/pb0y9/dr-cecile-adam
Dr. Christine Adam,Psychiater,"La Nicca Strasse 17, 7408 Cazis",https://www.onedoc.ch/de/psychiaterin/cazis/pbxli/dr-christine-adam
Dr. med. Hiltrud Adam,Augenarzt,"Untertor 4, 8400 Winterthur",https://www.onedoc.ch/de/augenarztin/winterthur/pbk33/dr-med-hiltrud-adam
Dr. Laurence Adam,Psychiater,"Rue du Petit-Chêne 20, 1003 Lausanne",https://www.onedoc.ch/de/psychiaterin/lausanne/pbf9i/dr-laurence-adam
Herr Lucas Adam,Hörspezialist,"Place de Longemalle 18, 1204 Genf",https://www.onedoc.ch/de/horspezialist/genf/pcp85/lucas-adam
Dr. Lukas Adam,Radio-Onkologie-Spezialist,"Loëstrasse 170, 7000 Chur",https://www.onedoc.ch/de/radio-onkologie-spezialist/chur/pbxqy/dr-lukas-adam
Dr. Oliver Adam,Kinderarzt,"Schöngrünstrasse 42, 4500 Solothurn",https://www.onedoc.ch/de/kinderarzt/solothurn/pbcp5/dr-oliver-adam
Dr. Oliver Adam,Kinderarzt,"Schöngrünstrasse 42, 4500 Solothurn",https://www.onedoc.ch/de/kinderarzt/solothurn/pbcp6/dr-oliver-adam
Dr. Rainer Adam,Augenarzt,"Neuengass-Passage 2, 3011 Bern",https://www.onedoc.ch/de/augenarzt/bern/p5y2/dr-rainer-adam
Dr. Rainer Adam,Augenarzt,"Neuengass-Passage 2, 3011 Bern",https://www.onedoc.ch/de/augenarzt/bern/p5y4/dr-rainer-adam
Dr. Rainer Adam,Augenarzt,"Blumenrain 105, 2503 Biel",https://www.onedoc.ch/de/augenarzt/biel/pbvvq/dr-rainer-adam
Dipl. med. Miriam Adamcova,Augenarzt,"Frohburgstrasse 4, 4600 Olten",https://www.onedoc.ch/de/augenarztin/olten/pcssv/dipl-med-miriam-adamcova
Dr. Jan Adamec,Kardiologe,"Rue du Grammont 2, 1815 Montreux",https://www.onedoc.ch/de/kardiologe/montreux/pcany/dr-jan-adamec
Dr. Jan Adamec,Kardiologe,"Avenue Ruchonnet 53, 1003 Lausanne",https://www.onedoc.ch/de/kardiologe/lausanne/pb1ib/dr-jan-adamec
Dr. Jan Adamec,Kardiologe,"Rue du Lac 142, 1815 Clarens",https://www.onedoc.ch/de/kardiologe/clarens/pb1ic/dr-jan-adamec
Dr. Jan Adamec,Facharzt für Allgemeine Innere Medizin,"Avenue de Champel 24, 1206 Genf",https://www.onedoc.ch/de/facharzt-fur-allgemeine-innere-medizin/genf/pcu4z/dr-jan-adamec
Dr. Michel Adamina,Chirurg,"Brauerstrasse 15, 8400 Winterthur",https://www.onedoc.ch/de/chirurg/winterthur/pb4gs/dr-michel-adamina
Dr. Angelo Filippo Adamini,Kinderarzt,"Rue Edouard-Vallet 18, 1232 Confignon",https://www.onedoc.ch/de/kinderarzt/confignon/pbz/dr-angelo-filippo-adamini
Dr. Maddalena Adami Ricciardi,Facharzt für Allgemeine Innere Medizin,"Piazzale della Stazione 3, 6900 Lugano",https://www.onedoc.ch/de/facharztin-fur-allgemeine-innere-medizin/lugano/pbd7t/dr-maddalena-adami-ricciardi
Dipl. med. Xanthippi Adamoglou,Gynäkologe (Frauenarzt und Geburtshelfer),"Greifengasse 18, 4058 Basel",https://www.onedoc.ch/de/gynakologin-frauenarztin-und-geburtshelferin/basel/pctz2/dipl-med-xanthippi-adamoglou
Dr. Dionysios Adamopoulos,Kardiologe,"Rue Gabrielle-Perret-Gentil 4, 1205 Genf",https://www.onedoc.ch/de/kardiologe/genf/pbw1t/dr-dionysios-adamopoulos
Dr. Heiner Adams,Zytopathologe,"Lettenweg 118, 4123 Allschwil",https://www.onedoc.ch/de/zytopathologe/allschwil/pt2j/dr-heiner-adams
Dr. Holger Adams,Zahnarzt,"Haus Boden, 8882 Unterterzen",https://www.onedoc.ch/de/zahnarzt/unterterzen/prnb/dr-holger-adams
Dr. Sabine-Isabell Adams,Hautarzt (Dermatologe),"Route de Chandoline 27, 1950 Sitten",https://www.onedoc.ch/de/hautarztin-dermatologin/sitten/pbim9/dr-sabine-isabell-adams
Dr. Sébastien Adamski,Gynäkologe (Frauenarzt und Geburtshelfer),"Avenue de Pratifori 14, 1950 Sitten",https://www.onedoc.ch/de/gynakologe-frauenarzt-und-geburtshelfer/sitten/pbixf/dr-sebastien-adamski
Frau Emilie Adamus,Physiotherapeut,"Rue de Lausanne 19, 1201 Genf",https://www.onedoc.ch/de/physiotherapeutin/genf/pcqh9/emilie-adamus
Frau Emilie Adamus,Physiotherapeut,"Place de Pont-Rouge 5, 1212 Lancy",https://www.onedoc.ch/de/physiotherapeutin/lancy/pcuzu/emilie-adamus
Dr. András Adámy,Psychiater,"Bienentalstrasse 7, 4410 Liestal",https://www.onedoc.ch/de/psychiater/liestal/p1jw/dr-andras-adamy
Dr. Jean Adank,Psychiater,"Unterer Quai 92, 2502 Biel",https://www.onedoc.ch/de/psychiater/biel/p5y6/dr-jean-adank
Dr. Jean-Pascal Adank,Urologe,"Ueberlandstrasse 26, 8953 Dietikon",https://www.onedoc.ch/de/urologe/dietikon/pbpvy/dr-jean-pascal-adank
Dr. Jean-Pascal Adank,Urologe,"Im Ergel 1, 5404 Baden",https://www.onedoc.ch/de/urologe/baden/pbsub/dr-jean-pascal-adank
Frau Sibylle Adank,Physiotherapeut,"Flurweg 40, 3800 Matten bei Interlaken",https://www.onedoc.ch/de/physiotherapeutin/matten-bei-interlaken/pk7a/sibylle-adank
Frau Tanja Adank Hartmann,Physiotherapeut,"Quadratscha 18, 7503 Samedan",https://www.onedoc.ch/de/physiotherapeutin/samedan/pk7b/tanja-adank-hartmann
Dr. Gabrielle Adank-Sailer,Rheumatologe,"Unterer Quai 92, 2502 Biel",https://www.onedoc.ch/de/rheumatologin/biel/pu9d/dr-gabrielle-adank-sailer
Frau Nathalie Adaoui,Psychologe,"Boulevard de Grancy 37, 1006 Lausanne",https://www.onedoc.ch/de/psychologin/lausanne/pcu7l/nathalie-adaoui
Dr. Maurice Adatto,Hautarzt (Dermatologe),"Rond-Point de Plainpalais 5, 1205 Genf",https://www.onedoc.ch/de/hautarzt-dermatologe/genf/phkp/dr-maurice-adatto
Dr. Maurice Adatto,Hautarzt (Dermatologe),"Chemin des Grangettes 7, 1224 Chêne-Bougeries",https://www.onedoc.ch/de/hautarzt-dermatologe/chene-bougeries/p5y7/dr-maurice-adatto
Dr. Maurice Adatto,Hautarzt (Dermatologe),"Freiburgstrasse 18, 3010 Bern",https://www.onedoc.ch/de/hautarzt-dermatologe/bern/pbvvs/dr-maurice-adatto
Dr. Maurice Adatto,Hautarzt (Dermatologe),"Chemin de Beau-Soleil 20, 1206 Genf",https://www.onedoc.ch/de/hautarzt-dermatologe/genf/pbvvt/dr-maurice-adatto
Herr Jonathan Adda,Akupressurtherapeut,"Rue du Mont-Blanc 20, 1201 Genf",https://www.onedoc.ch/de/akupressurtherapeut/genf/pcuvg/jonathan-adda
Dr. Alfredo Addeo,Onkologe,"Rue Gabrielle-Perret-Gentil 4, 1205 Genf",https://www.onedoc.ch/de/onkologe/genf/pbw1u/dr-alfredo-addeo
Frau Dianne Addison,Physiotherapeut,"Alte Obfelderstrasse 28, 8910 Affoltern am Albis",https://www.onedoc.ch/de/physiotherapeutin/affoltern-am-albis/pk7c/dianne-addison
Dr. Guénolé-Lucien Addor,Anästhesiologe,"Rue du Bugnon 46, 1011 Lausanne",https://www.onedoc.ch/de/anasthesiologe/lausanne/pb1id/dr-guenole-lucien-addor
Dr. Marie-Claude Addor,Genetiker,"Avenue Pierre-Decker 5, 1011 Lausanne",https://www.onedoc.ch/de/genetikerin/lausanne/pbf9j/dr-marie-claude-addor
Dr. Orane Addor,Facharzt für Allgemeine Innere Medizin,"Rue de Gruyères 47, 1630 Bulle",https://www.onedoc.ch/de/facharztin-fur-allgemeine-innere-medizin/bulle/pcgc6/dr-orane-addor
Dr. Rainer Ade,Hausarzt (Allgemeinmedizin),"Haldenstrasse 1, 6340 Baar",https://www.onedoc.ch/de/hausarzt-allgemeinmedizin/baar/pbo83/dr-rainer-ade
Dr. Lara Adeleye,HNO-Arzt,"Chemin du Crêt 2, 1110 Morges",https://www.onedoc.ch/de/hno-arztin/morges/pcqim/dr-lara-adeleye
Dr. Farida Adeli,Psychiater,"Klinik Barmelweid, 5017 Barmelweid",https://www.onedoc.ch/de/psychiaterin/barmelweid/pbsf3/dr-farida-adeli
Dr. Rosmarie Adelsberger,Plastischer & rekonstruktiver Chirurg,"Klausstrasse 10, 8008 Zürich",https://www.onedoc.ch/de/plastische-rekonstruktive-chirurgin/zurich/pbk36/dr-rosmarie-adelsberger
Dr. Rosmarie Adelsberger,Plastischer & rekonstruktiver Chirurg,"Klausstrasse 10, 8008 Zürich",https://www.onedoc.ch/de/plastische-rekonstruktive-chirurgin/zurich/pb2v6/dr-rosmarie-adelsberger
Dr. Ljulzime Ademi-Bekiri,Psychiater,"Konsumhof 3, 8590 Romanshorn",https://www.onedoc.ch/de/psychiaterin/romanshorn/pbfps/dr-ljulzime-ademi-bekiri
Dr. Guillermo Antonio Ader,Facharzt für Allgemeine Innere Medizin,"Via Trevano 11, 6900 Lugano",https://www.onedoc.ch/de/facharzt-fur-allgemeine-innere-medizin/lugano/pbeo9/dr-guillermo-antonio-ader
Dr. Kathrin Ader,Augenarzt,"Spitalstrasse, 6004 Luzern",https://www.onedoc.ch/de/augenarztin/luzern/pbx0f/dr-kathrin-ader
Dr. Maria Ader,Kinderarzt,"Effingerstrasse 102, 3010 Bern",https://www.onedoc.ch/de/kinderarztin/bern/p2z0/dr-maria-ader
Frau Claire Adili,Etiopath,"Boulevard Helvétique 30, 1207 Genf",https://www.onedoc.ch/de/etiopathin/genf/pcqqj/claire-adili
Dr. Bahri Adis,Zahnarzt,"Dorfstrasse 28, 5430 Wettingen",https://www.onedoc.ch/de/zahnarzt/wettingen/pz3a/dr-bahri-adis
Dr. Elias Adjadj,Augenarzt,"Rue de Saint-Jean 26, 1203 Genf",https://www.onedoc.ch/de/augenarzt/genf/pi55/dr-elias-adjadj
Frau Nathalie Adjadj,Akupunkteur,"Rue de Saint-Jean 26, 1203 Genf",https://www.onedoc.ch/de/akupunkteurin/genf/pcl6v/nathalie-adjadj
Dr. Boris Adjibodou,Kardiologe,"Tellstrasse 25, 5001 Aarau",https://www.onedoc.ch/de/kardiologe/aarau/pbsuc/dr-boris-adjibodou
Dr. Andreas Adler,Zahnarzt,"Aeschenvorstadt 21, 4051 Basel",https://www.onedoc.ch/de/zahnarzt/basel/ppds/dr-andreas-adler
Dr. Dan Adler,Pneumologe (Lungenspezialist),"Rue Gabrielle-Perret-Gentil 4, 1205 Genf",https://www.onedoc.ch/de/pneumologe-lungenspezialist/genf/pbw1v/dr-dan-adler
Dr. Daniel Adler,Anästhesiologe,"Chemin de la Colombe 15, 1231 Conches",https://www.onedoc.ch/de/anasthesiologe/conches/p8c2/dr-daniel-adler
Dr. Eric Adler,Gastroenterologe,"Spitalstrasse, 6004 Luzern",https://www.onedoc.ch/de/gastroenterologe/luzern/pbyb7/dr-eric-adler
Dr. Sabine Adler,Nephrologe (Nierenspezialist),"Freiburgstrasse 28, 3010 Bern",https://www.onedoc.ch/de/nephrologin-nierenspezialistin/bern/pve1/dr-sabine-adler
Frau Sharon Adler,Coach,"Boulevard Helvétique 30, 1207 Genf",https://www.onedoc.ch/de/coachin/genf/pcri1/sharon-adler
Dr. med. Tom Adler,Orthopädischer Chirurg,"Nepomukplatz 3, 4143 Dornach SO",https://www.onedoc.ch/de/orthopadischer-chirurg/dornach/pcq0h/dr-med-tom-adler
Dr. Ghazal Adler-Etechami,Radiologe,"Avenue de Beau-Séjour 6, 1206 Genf",https://www.onedoc.ch/de/radiologin/genf/p7ir/dr-ghazal-adler-etechami
Herr Maarten Admiraal,Physiotherapeut,"Strehlgasse 24, 8472 Seuzach",https://www.onedoc.ch/de/physiotherapeut/seuzach/pk7e/maarten-admiraal
Dr. Jan Adolphsen,Neurologe,"Impasse Palace Bellevue 1, 3963 Crans-Montana",https://www.onedoc.ch/de/neurologe/crans-montana/pb13u/dr-jan-adolphsen
Dr. Salah Adouane,Psychiater,"Rue du Mont d'Or 2, 1400 Cheseaux-Noréaz",https://www.onedoc.ch/de/psychiater/cheseaux-noreaz/pidf/dr-salah-adouane
Frau Mirjam Adrichem,Physiotherapeut,"Kosthausstrasse 10, 6010 Kriens",https://www.onedoc.ch/de/physiotherapeutin/kriens/pk7f/mirjam-adrichem
Dr. Jean-Manuel Aeberhard,Anästhesiologe,"Avenue Jacob-Daniel Maillard 3, 1217 Meyrin",https://www.onedoc.ch/de/anasthesiologe/meyrin/p8c3/dr-jean-manuel-aeberhard
Dr. Jean-Manuel Aeberhard,Anästhesiologe,"Avenue Jacob-Daniel Maillard 3, 1217 Meyrin",https://www.onedoc.ch/de/anasthesiologe/meyrin/pbw1w/dr-jean-manuel-aeberhard
Dr. Nicole Aeberhard,Facharzt für Allgemeine Innere Medizin,"Krankenhausstrasse 12, 3600 Thun",https://www.onedoc.ch/de/facharztin-fur-allgemeine-innere-medizin/thun/pbuit/dr-nicole-aeberhard
Dr. Ramon Aeberhard,Rheumatologe,"Freiburgstrasse 18, 3010 Bern",https://www.onedoc.ch/de/rheumatologe/bern/pbvvu/dr-ramon-aeberhard
Dr. Rita Aeberhard,Homöopath,"Oberwilerweg 30b, 8500 Frauenfeld",https://www.onedoc.ch/de/homoopathin/frauenfeld/ptjn/dr-rita-aeberhard
Frau Lucia Aeberhardt,Reflexologietherapeut,"Oberer Quai 8, 2503 Biel",https://www.onedoc.ch/de/reflexologietherapeutin/biel/pb67w/lucia-aeberhardt
Frau Ursula Aeberhardt,Physiotherapeut,"Dorfstrasse 36, 3422 Rüdtligen-Alchenflüh",https://www.onedoc.ch/de/physiotherapeutin/rudtligen-alchenfluh/pk7g/ursula-aeberhardt
Dr. Daniel Aeberli,Rheumatologe,"Freiburgstrasse 18, 3010 Bern",https://www.onedoc.ch/de/rheumatologe/bern/pbvvv/dr-daniel-aeberli
Herr Patrick Aeberli,Osteopath,"Route de Gilly 30, 1180 Rolle",https://www.onedoc.ch/de/osteopath/rolle/pb5ph/patrick-aeberli
Frau Sibylle Aeberli,Masseur (klassische Massage),"Seestrasse 11, 8002 Zürich",https://www.onedoc.ch/de/masseurin-klassische-massage/zurich/pcqcd/sibylle-aeberli
Herr Thomas Aeberli,Osteopath,"Bahnhofstrasse 137, 8620 Wetzikon",https://www.onedoc.ch/de/osteopath/wetzikon/pb5bf/thomas-aeberli
Herr Adrian Aebersold,Physiotherapeut,"Burgisteinstrasse 2, 3665 Wattenwil",https://www.onedoc.ch/de/physiotherapeut/wattenwil/pk7h/adrian-aebersold
Dr. Andreas Aebersold,Facharzt für Allgemeine Innere Medizin,"Riedgasse 18, 4912 Aarwangen",https://www.onedoc.ch/de/facharzt-fur-allgemeine-innere-medizin/aarwangen/p5zc/dr-andreas-aebersold
Prof. Daniel Matthias Aebersold,Radio-Onkologie-Spezialist,"Freiburgstrasse 18, 3010 Bern",https://www.onedoc.ch/de/radio-onkologie-spezialist/bern/pbvvw/prof-daniel-matthias-aebersold
Dr. Hans Aebersold,Neurologe,"Aegeristrasse 52, 6300 Zug",https://www.onedoc.ch/de/neurologe/zug/pu3o/dr-hans-aebersold
Dr. Christian Aebersold-Schütz,Facharzt für Allgemeine Innere Medizin,"Bärletweg 8, 2555 Brügg BE",https://www.onedoc.ch/de/facharzt-fur-allgemeine-innere-medizin/brugg/p55q/dr-christian-aebersold-schutz
Dr. Gabriela Aebersold-Schütz,Facharzt für Allgemeine Innere Medizin,"Bärletweg 8, 2555 Brügg BE",https://www.onedoc.ch/de/facharztin-fur-allgemeine-innere-medizin/brugg/pu9f/dr-gabriela-aebersold-schutz
Dr. Alexandre Aebi,Facharzt für Allgemeine Innere Medizin,"Chemin Jean-Baptiste Vandelle 10, 1290 Versoix",https://www.onedoc.ch/de/facharzt-fur-allgemeine-innere-medizin/versoix/pc91/dr-alexandre-aebi
Dr. Andreas Aebi,Zahnarzt,"Diemtigtalstrasse 15, 3753 Oey",https://www.onedoc.ch/de/zahnarzt/oey/prnc/dr-andreas-aebi
Dr. Bernhard Aebi,Orthopädischer Chirurg,"Seilerstrasse 22, 3011 Bern",https://www.onedoc.ch/de/orthopadischer-chirurg/bern/pvbt/dr-bernhard-aebi
Frau Chantal-Corinne Aebi,Podologe,"Chemin du Château d'Eau 18, 1433 Suchy",https://www.onedoc.ch/de/podologin/suchy/po79/chantal-corinne-aebi
Prof. Christoph Aebi,Infektiologe,"Freiburgstrasse, 3010 Bern",https://www.onedoc.ch/de/infektiologe/bern/p55r/prof-christoph-aebi
Herr Daniel Aebi,Physiotherapeut,"Dornacherplatz 17, 4500 Solothurn",https://www.onedoc.ch/de/physiotherapeut/solothurn/pk7i/daniel-aebi
Dr. François Aebi,Zahnarzt,"Baselstrasse 71, 4142 Münchenstein",https://www.onedoc.ch/de/zahnarzt/munchenstein/ppdt/dr-francois-aebi
Dr. J. Ulrich Aebi,Kinderarzt,"Wildhainweg 4, 3012 Bern",https://www.onedoc.ch/de/kinderarzt/bern/pu96/dr-j-ulrich-aebi
Dr. Kaspar Aebi,Psychiater,"Poststrasse 9, 3400 Burgdorf",https://www.onedoc.ch/de/psychiater/burgdorf/p55s/dr-kaspar-aebi
Prof. Max Aebi,Orthopädischer Chirurg,"Schänzlistrasse 39, 3013 Bern",https://www.onedoc.ch/de/orthopadischer-chirurg/bern/pbvy3/prof-max-aebi
Prof. Max Aebi,Orthopädischer Chirurg,"Schänzlihalde 11, 3013 Bern",https://www.onedoc.ch/de/orthopadischer-chirurg/bern/pbvy2/prof-max-aebi
Prof. Max Aebi,Orthopädischer Chirurg,"Schänzlistrasse 39, 3013 Bern",https://www.onedoc.ch/de/orthopadischer-chirurg/bern/pbvy1/prof-max-aebi
Dr. Raffaella Aebi,Kinderarzt,"Chemin Jean-Baptiste Vandelle 10, 1290 Versoix",https://www.onedoc.ch/de/kinderarztin/versoix/p7is/dr-raffaella-aebi
Dr. René Aebi,Facharzt für Allgemeine Innere Medizin,"Alpenstrasse 3, 2502 Biel",https://www.onedoc.ch/de/facharzt-fur-allgemeine-innere-medizin/biel/p55w/dr-rene-aebi
Dr. Roger Aebi,Radiologe,"Rue du Centre 10, 1752 Villars-sur-Glâne",https://www.onedoc.ch/de/radiologe/villars-sur-glane/p6x9/dr-roger-aebi
Frau Sharon Aebi,Physiotherapeut,"Klosterhofstrasse 1, 8280 Kreuzlingen",https://www.onedoc.ch/de/physiotherapeutin/kreuzlingen/pk7j/sharon-aebi
Herr Stefan Aebi,Physiotherapeut,"Emmentalstrasse 25, 3414 Oberburg",https://www.onedoc.ch/de/physiotherapeut/oberburg/pk7k/stefan-aebi
Dr. Suzanne C Aebi,Gynäkologe (Frauenarzt und Geburtshelfer),"Gellertstrasse 144, 4052 Basel",https://www.onedoc.ch/de/gynakologin-frauenarztin-und-geburtshelferin/basel/puco/dr-suzanne-c-aebi
Dr. Suzanne C Aebi,Gynäkologe (Frauenarzt und Geburtshelfer),"Aeschenvorstadt 21, 4051 Basel",https://www.onedoc.ch/de/gynakologin-frauenarztin-und-geburtshelferin/basel/pt98/dr-suzanne-c-aebi
Dr. Timothy Aebi,Intensivmediziner,"Bremgartenstrasse 117, 3012 Bern",https://www.onedoc.ch/de/intensivmediziner/bern/pbvy5/dr-timothy-aebi
Dr. Timothy Aebi,Intensivmediziner,"Bremgartenstrasse 117, 3012 Bern",https://www.onedoc.ch/de/intensivmediziner/bern/pbvy4/dr-timothy-aebi
Dr. Timothy Aebi,Intensivmediziner,"Bremgartenstrasse 117, 3012 Bern",https://www.onedoc.ch/de/intensivmediziner/bern/pcpey/dr-timothy-aebi
Dr. Urs Aebi,Pneumologe (Lungenspezialist),"Bahnhofstrasse 54, 2502 Biel",https://www.onedoc.ch/de/pneumologe-lungenspezialist/biel/pvbw/dr-urs-aebi
Dr. Urs Aebi,Pneumologe (Lungenspezialist),"Blumenrain 105, 2503 Biel",https://www.onedoc.ch/de/pneumologe-lungenspezialist/biel/p55z/dr-urs-aebi
Dr. Kerstin Aebi-Jülke,Kinder- und Jugendpsychiater,"Bellevuestrasse 4, 5430 Wettingen",https://www.onedoc.ch/de/kinder-und-jugendpsychiatrin/wettingen/ps1e/dr-kerstin-aebi-julke
Prof. Christine Aebi-Ochsner,Kinderarzt,"Bahnhofstrasse 7, 2502 Biel",https://www.onedoc.ch/de/kinderarztin/biel/p25o/prof-christine-aebi-ochsner
Frau Nathalie Aebi Percuoco,Hypnotherapeut (Hypnose),"Chemin des Acacias 2, 1166 Perroy",https://www.onedoc.ch/de/hypnotherapeutin-hypnose/perroy/pcr7i/nathalie-aebi-percuoco
Dr. Karoline Aebi-Popp,Gynäkologe (Frauenarzt und Geburtshelfer),"Schönburgstrasse 19, 3013 Bern",https://www.onedoc.ch/de/gynakologin-frauenarztin-und-geburtshelferin/bern/p25p/dr-karoline-aebi-popp
Dr. Karoline Aebi-Popp,Gynäkologe (Frauenarzt und Geburtshelfer),"Bremgartenstrasse 117, 3012 Bern",https://www.onedoc.ch/de/gynakologin-frauenarztin-und-geburtshelferin/bern/pcph6/dr-karoline-aebi-popp
Herr Bernhard Aebischer,Physiotherapeut,"Gwattstrasse 6, 3185 Schmitten",https://www.onedoc.ch/de/physiotherapeut/schmitten/pk7l/bernhard-aebischer
Dr. Fadi Aebischer,Zahnarzt,"Rue du Collège 16, 1410 Thierrens",https://www.onedoc.ch/de/zahnarzt/thierrens/ppdu/dr-fadi-aebischer
Dr. Manfred Aebischer,Hautarzt (Dermatologe),"Raffort 2, 3286 Muntelier",https://www.onedoc.ch/de/hautarzt-dermatologe/muntelier/pfk5/dr-manfred-aebischer
Dr. Oriane Aebischer,Facharzt für Allgemeine Innere Medizin,"Rue du Bugnon 46, 1011 Lausanne",https://www.onedoc.ch/de/facharztin-fur-allgemeine-innere-medizin/lausanne/pb0za/dr-oriane-aebischer
Frau Jacqueline Aebischer-Dormann,Physiotherapeut,"Gwattstrasse 6, 3185 Schmitten",https://www.onedoc.ch/de/physiotherapeutin/schmitten/pk7m/jacqueline-aebischer-dormann
Dr. Miriam Aebischer-Hauswirth,Facharzt für Allgemeine Innere Medizin,"Emmentalstrasse 17, 3510 Konolfingen",https://www.onedoc.ch/de/facharztin-fur-allgemeine-innere-medizin/konolfingen/p25q/dr-miriam-aebischer-hauswirth
Dr. Sigiriya Aebischer Perone,Facharzt für Allgemeine Innere Medizin,"Rue Gabrielle-Perret-Gentil 6, 1205 Genf",https://www.onedoc.ch/de/facharztin-fur-allgemeine-innere-medizin/genf/p7it/dr-sigiriya-aebischer-perone
Prof. Nikolaus Aebli,Orthopädischer Chirurg,"Sonnenbergstrasse 27, 8910 Affoltern am Albis",https://www.onedoc.ch/de/orthopadischer-chirurg/affoltern-am-albis/pbxq0/prof-nikolaus-aebli
Prof. Nikolaus Aebli,Orthopädischer Chirurg,"Tersierstrasse 7, 7220 Schiers",https://www.onedoc.ch/de/orthopadischer-chirurg/schiers/pbxqz/prof-nikolaus-aebli
Frau Norine Aebli,Physiotherapeut,"Untere Gasse 23, 7000 Chur",https://www.onedoc.ch/de/physiotherapeutin/chur/pk7n/norine-aebli
Dr. Urs Aebli,Facharzt für Allgemeine Innere Medizin,"Dorfstrasse 26, 8184 Bachenbülach",https://www.onedoc.ch/de/facharzt-fur-allgemeine-innere-medizin/bachenbulach/pbows/dr-urs-aebli
Frau Irène Aeby,Physiotherapeut,"Via Luserte 4, 6572 Gambarogno",https://www.onedoc.ch/de/physiotherapeutin/gambarogno/pk7o/irene-aeby
Dr. Laure Aeby,Facharzt für Allgemeine Innere Medizin,"Route du Pâqui 5, 1720 Corminboeuf",https://www.onedoc.ch/de/facharztin-fur-allgemeine-innere-medizin/corminboeuf/p6pq/dr-laure-aeby
Frau Liliane Aeby,Reiki Therapeut,"Chemin du Pré d'Amont 4, 1748 Torny",https://www.onedoc.ch/de/reiki-therapeutin/torny/pcmiv/liliane-aeby
Dr. Mathias Aeby,Rheumatologe,"Bahnhofplatz 1, 3011 Bern",https://www.onedoc.ch/de/rheumatologe/bern/p550/dr-mathias-aeby
Dr. Sandra Aeby-Roch,Kinderarzt,"Rue du Pont 5, 1870 Monthey",https://www.onedoc.ch/de/kinderarztin/monthey/pbina/dr-sandra-aeby-roch
Frau Nadine Aecherli,Ayurveda Masseur,"Rue Louis-Favre 42, 2017 Boudry",https://www.onedoc.ch/de/ayurveda-masseurin/boudry/pccyq/nadine-aecherli
Dr. Veronica Aedo Lopez,Onkologe,"Rue du Bugnon 46, 1011 Lausanne",https://www.onedoc.ch/de/onkologin/lausanne/pb00z/dr-veronica-aedo-lopez
Dr. Hansjakob Aegerter,Facharzt für Allgemeine Innere Medizin,"Wiesenstrasse 1, 9650 Nesslau",https://www.onedoc.ch/de/facharzt-fur-allgemeine-innere-medizin/nesslau/pbdnz/dr-hansjakob-aegerter
Dr. Jean-Philippe Aegerter,Facharzt für Allgemeine Innere Medizin,"Route de Thonon 42, 1222 Vésenaz",https://www.onedoc.ch/de/facharzt-fur-allgemeine-innere-medizin/vesenaz/p8c4/dr-jean-philippe-aegerter
Dr. Jean-Philippe Aegerter,Facharzt für Allgemeine Innere Medizin,"Chemin des Grangettes 7, 1224 Chêne-Bougeries",https://www.onedoc.ch/de/facharzt-fur-allgemeine-innere-medizin/chene-bougeries/p8c5/dr-jean-philippe-aegerter
Dr. Martin Aegerter,Kinder- und Jugendpsychiater,"Molkereistrasse 19, 3052 Zollikofen",https://www.onedoc.ch/de/kinder-und-jugendpsychiater/zollikofen/pbvy6/dr-martin-aegerter
Dr. Christoph Aegerter-Ulrich,Hämatologe,"Landstrasse 115, 5430 Wettingen",https://www.onedoc.ch/de/hamatologe/wettingen/pz3b/dr-christoph-aegerter-ulrich
Dr. Christoph Aegerter-Ulrich,Hämatologe,"Im Ergel 1, 5404 Baden",https://www.onedoc.ch/de/hamatologe/baden/pbsxg/dr-christoph-aegerter-ulrich
Dr. Gwaenaëlle Aellen,Chirurg,"Rue du Bugnon 46, 1011 Lausanne",https://www.onedoc.ch/de/chirurgin/lausanne/pb000/dr-gwaenaelle-aellen
Herr Jean-Marc Aellen,Physiotherapeut,"Rue Jean-Gabriel Eynard 8, 1205 Genf",https://www.onedoc.ch/de/physiotherapeut/genf/pk7p/jean-marc-aellen
Dr. Jérôme Aellen,Radiologe,"Rue de l'Hôpital 9, 1632 Riaz",https://www.onedoc.ch/de/radiologe/riaz/pbwb7/dr-jerome-aellen
Dr. Steve Aellen,Chirurg,"Chemin des Croix-Rouges 9, 1007 Lausanne",https://www.onedoc.ch/de/chirurg/lausanne/pbhiy/dr-steve-aellen
Dr. Steve Aellen,Chirurg,"Avenue Vinet 30, 1004 Lausanne",https://www.onedoc.ch/de/chirurg/lausanne/pb1if/dr-steve-aellen
Dr. Steve Aellen,Chirurg,"Avenue Ruchonnet 53, 1003 Lausanne",https://www.onedoc.ch/de/chirurg/lausanne/pb1ie/dr-steve-aellen
Dr. Susanne Aellen,Akupunkteur,"Chemin Jean-Baptiste Vandelle 8, 1290 Versoix",https://www.onedoc.ch/de/akupunkteurin/versoix/pq0/dr-susanne-aellen
Dr. Markus Aellig,Facharzt für Allgemeine Innere Medizin,"Burgmattstrasse 13, 5080 Laufenburg",https://www.onedoc.ch/de/facharzt-fur-allgemeine-innere-medizin/laufenburg/psls/dr-markus-aellig
Dr. med. Sonja Aellig,Hausarzt (Allgemeinmedizin),"Berghaldenstrasse 93, 8053 Zürich",https://www.onedoc.ch/de/hausarztin-allgemeinmedizinerin/zurich/pcoaq/dr-med-sonja-aellig
Dr. Sonja Aellig-Kötting,Hausarzt (Allgemeinmedizin),"Bahnhofplatz 9, 4. Etage, 8001 Zürich",https://www.onedoc.ch/de/hausarztin-allgemeinmedizinerin/zurich/pbplj/dr-sonja-aellig-kotting
Dr. Sonja Aellig-Kötting,Hausarzt (Allgemeinmedizin),"Archplatz 2, 3. Etage, 8400 Winterthur",https://www.onedoc.ch/de/hausarztin-allgemeinmedizinerin/winterthur/pbplk/dr-sonja-aellig-kotting
Dr. Brit Aellig-Nothing,Hausarzt (Allgemeinmedizin),"Burgmattstrasse 13, 5080 Laufenburg",https://www.onedoc.ch/de/hausarztin-allgemeinmedizinerin/laufenburg/pbqr2/dr-brit-aellig-nothing
Herr Jean-Paul Aelvoet,Physiotherapeut,"Avenue du Rothorn 11, 3960 Muraz",https://www.onedoc.ch/de/physiotherapeut/muraz/pk7q/jean-paul-aelvoet
Frau Michèle Aemmer,Physiotherapeut,"Bälliz 32, 3600 Thun",https://www.onedoc.ch/de/physiotherapeutin/thun/pk7r/michele-aemmer
Frau Franziska Aemmer-Zumsteg,Physiotherapeut,"Freiburgstrasse 12, 3150 Wahlern",https://www.onedoc.ch/de/physiotherapeutin/wahlern/pk7s/franziska-aemmer-zumsteg
Dr. Bernhard Aepli,Facharzt für Allgemeine Innere Medizin,"Zollikerstrasse 40, 8702 Zollikon",https://www.onedoc.ch/de/facharzt-fur-allgemeine-innere-medizin/zollikon/pxbt/dr-bernhard-aepli
Dr. Patrick Aepli,Gastroenterologe,"Spitalstrasse, 6004 Luzern",https://www.onedoc.ch/de/gastroenterologe/luzern/pbyb8/dr-patrick-aepli
Dr. med. Ursina Aepli,Hausarzt (Allgemeinmedizin),"Aeschstrasse 8a, 8127 Forch",https://www.onedoc.ch/de/hausarztin-allgemeinmedizinerin/forch/pcoyc/dr-med-ursina-aepli
Dr. Corina Aeppli,Zahnarzt,"Stetterstrasse 20, 5507 Mellingen",https://www.onedoc.ch/de/zahnarztin/mellingen/ppdv/dr-corina-aeppli
Dr. Michael Aeppli,Kinderarzt,"Spitalstrasse 7, 2502 Biel",https://www.onedoc.ch/de/kinderarzt/biel/p552/dr-michael-aeppli
Dr. Michael Aeppli,Kinderarzt,"Blumenrain 105, 2503 Biel",https://www.onedoc.ch/de/kinderarzt/biel/pbvy7/dr-michael-aeppli
Dr. Norbert Aeppli,Anästhesiologe,"Pfaffenholzstrasse 4, 8500 Frauenfeld",https://www.onedoc.ch/de/anasthesiologe/frauenfeld/pb0sy/dr-norbert-aeppli
Dr. Stefanie Aeppli,Onkologe,"Rorschacher Strasse 95, 9007 St. Gallen",https://www.onedoc.ch/de/onkologin/st-gallen/pbcwh/dr-stefanie-aeppli
Dr. Daniel Aerne,Facharzt für Allgemeine Innere Medizin,"Gässlistrasse 17, 8856 Tuggen",https://www.onedoc.ch/de/facharzt-fur-allgemeine-innere-medizin/tuggen/pbb7e/dr-daniel-aerne
Frau Gaby Aerne,Physiotherapeut,"Kapplerstrasse 32, 9642 Ebnat-Kappel",https://www.onedoc.ch/de/physiotherapeutin/ebnat-kappel/pk7t/gaby-aerne
Dr. Lea Aerne-Wyrsch,Facharzt für Allgemeine Innere Medizin,"Gässlistrasse 17, 8856 Tuggen",https://www.onedoc.ch/de/facharztin-fur-allgemeine-innere-medizin/tuggen/pbrnk/dr-lea-aerne-wyrsch
Dr. Dominik Aerni,Zahnarzt,"Kapellstrasse 10, 2540 Grenchen SO",https://www.onedoc.ch/de/zahnarzt/grenchen/pbcp7/dr-dominik-aerni
Herr Julien Aerni,Physiotherapeut,"Rue Caroline 1, 1003 Lausanne",https://www.onedoc.ch/de/physiotherapeut/lausanne/pk7u/julien-aerni
Dr. Mark F.V. Aerni,Handchirurg,"Pfaffenholzstrasse 4, 8500 Frauenfeld",https://www.onedoc.ch/de/handchirurg/frauenfeld/pbrt4/dr-mark-f-v-aerni
Dr. Mark F.V. Aerni,Handchirurg,"Spitalcampus 1, 8596 Münsterlingen",https://www.onedoc.ch/de/handchirurg/munsterlingen/pb0vd/dr-mark-f-v-aerni
Frau Martina Aerni,Physiotherapeut,"Spitalackerstrasse 59, 3013 Bern",https://www.onedoc.ch/de/physiotherapeutin/bern/pk7v/martina-aerni
Dr. Leen Aerts,Gynäkologe (Frauenarzt und Geburtshelfer),"Rue Le-Corbusier 10, 1208 Genf",https://www.onedoc.ch/de/gynakologin-frauenarztin-und-geburtshelferin/genf/pcrm7/dr-leen-aerts
Dr. med. Armin Aeschbach,Schmerzspezialist,"Witellikerstrasse 40, 8032 Zürich",https://www.onedoc.ch/de/schmerzspezialist/zurich/p19p/dr-med-armin-aeschbach
Dr. Ernst Aeschbach,Psychiater,"Bettackerstrasse 7, 8152 Glattpark (Opfikon)",https://www.onedoc.ch/de/psychiater/glattpark-opfikon/pw73/dr-ernst-aeschbach
Dr. Thomas Aeschbach,Facharzt für Allgemeine Innere Medizin,"Avenue du Servan 2, 1006 Lausanne",https://www.onedoc.ch/de/facharzt-fur-allgemeine-innere-medizin/lausanne/ph9n/dr-thomas-aeschbach
Dr. Thomas Aeschbach,Facharzt für Allgemeine Innere Medizin,"Avenue Vinet 30, 1004 Lausanne",https://www.onedoc.ch/de/facharzt-fur-allgemeine-innere-medizin/lausanne/pb1ih/dr-thomas-aeschbach
Dr. Thomas Aeschbach,Facharzt für Allgemeine Innere Medizin,"Avenue d'Ouchy 31, 1006 Lausanne",https://www.onedoc.ch/de/facharzt-fur-allgemeine-innere-medizin/lausanne/pb1ig/dr-thomas-aeschbach
Dr. Virginie Aeschbach,Kinderarzt,"Chemin des Grangettes 7, 1224 Chêne-Bougeries",https://www.onedoc.ch/de/kinderarztin/chene-bougeries/pbq80/dr-virginie-aeschbach
Dr. Virginie Aeschbach,Kinderarzt,"Chemin des Grangettes 7, 1224 Chêne-Bougeries",https://www.onedoc.ch/de/kinderarztin/chene-bougeries/pbwnb/dr-virginie-aeschbach
Dr. Christian Aeschbacher,Anästhesiologe,"Bahnhofstrasse 137, 8620 Wetzikon",https://www.onedoc.ch/de/anasthesiologe/wetzikon/pbowt/dr-christian-aeschbacher
Dr. Doris Aeschbacher,Anästhesiologe,"Schänzlistrasse 39, 3013 Bern",https://www.onedoc.ch/de/anasthesiologin/bern/pbuiv/dr-doris-aeschbacher
Dr. Doris Aeschbacher,Anästhesiologe,"Schänzlistrasse 39, 3013 Bern",https://www.onedoc.ch/de/anasthesiologin/bern/pbuiu/dr-doris-aeschbacher
Dr. Markus Aeschbacher,Zahnarzt,"Lintheschergasse 13, 8001 Zürich",https://www.onedoc.ch/de/zahnarzt/zurich/ppdx/dr-markus-aeschbacher
Dr. Patrik Aeschbacher,Facharzt für Allgemeine Innere Medizin,"Querstrasse 15, 8050 Zürich",https://www.onedoc.ch/de/facharzt-fur-allgemeine-innere-medizin/zurich/pbowu/dr-patrik-aeschbacher
Dr. Pauline Aeschbacher,Chirurg,"Chemin des Pensionnats 2-6, 1708 Freiburg",https://www.onedoc.ch/de/chirurgin/freiburg/pbv8m/dr-pauline-aeschbacher
Frau Susi Aeschbacher,Physiotherapeut,"Steinackerstrasse 63, 8902 Urdorf",https://www.onedoc.ch/de/physiotherapeutin/urdorf/pk7w/susi-aeschbacher
Dr. Walter Aeschbacher,Zahnarzt,"Wangenstrasse 10, 3360 Herzogenbuchsee",https://www.onedoc.ch/de/zahnarzt/herzogenbuchsee/ppdy/dr-walter-aeschbacher
Dr. Eva Aeschimann,Kinderarzt,"Chemin du Stade 8, 1252 Meinier",https://www.onedoc.ch/de/kinderarztin/meinier/pcra3/dr-eva-aeschimann
Dr. Rahel Aeschimann,Kinderarzt,"Schöngrünstrasse 42, 4500 Solothurn",https://www.onedoc.ch/de/kinderarztin/solothurn/pwsq/dr-rahel-aeschimann
Dr. Simon Aeschimann,Facharzt für Allgemeine Innere Medizin,"Lötschenstrasse 23, 3072 Ostermundigen",https://www.onedoc.ch/de/facharzt-fur-allgemeine-innere-medizin/ostermundigen/pvb8/dr-simon-aeschimann
Prof. André Gérard Aeschlimann,Physikalischer und Rehabilitationsmediziner,"Gellertstrasse 144, 4052 Basel",https://www.onedoc.ch/de/physikalischer-und-rehabilitationsmediziner/basel/pbt1q/prof-andre-gerard-aeschlimann
Dr. Catherine Aeschlimann,Kinderarzt,"Pfirtergasse 28, 4054 Basel",https://www.onedoc.ch/de/kinderarztin/basel/puh5/dr-catherine-aeschlimann
Dr. Christian Aeschlimann,Zahnarzt,"Rue de Rive 8, 1204 Genf",https://www.onedoc.ch/de/zahnarzt/genf/p8c6/dr-christian-aeschlimann
Dr. Elena Aeschlimann,Zahnarzt,"Avenue Léopold-Robert 84, 2300 La Chaux-de-Fonds",https://www.onedoc.ch/de/zahnarztin/la-chaux-de-fonds/pbbdn/dr-elena-aeschlimann
Dr. Florence Aeschlimann,Kinderarzt,"Brauerstrasse 15, 8400 Winterthur",https://www.onedoc.ch/de/kinderarztin/winterthur/pb2v7/dr-florence-aeschlimann
Dr. Jürg Aeschlimann,Psychiater,"Thuraustrasse 8, 9630 Wattwil",https://www.onedoc.ch/de/psychiater/wattwil/pv5p/dr-jurg-aeschlimann
Frau Martine Aeschlimann,Neurofeedback Therapeut,"Chemin du Lavasson 14, 1196 Gland",https://www.onedoc.ch/de/neurofeedback-therapeutin/gland/pch4o/martine-aeschlimann
Dr. Nicole Aeschlimann,Chiropraktor,"Bleichemattstrasse 2, 5000 Aarau",https://www.onedoc.ch/de/chiropraktorin/aarau/pbpmp/dr-nicole-aeschlimann
Dr. Sabine Aeschlimann,Zahnarzt,"Kirchgasse 22A, 3860 Meiringen",https://www.onedoc.ch/de/zahnarztin/meiringen/ppdz/dr-sabine-aeschlimann
Frau Susi Aeschlimann-Gfeller,Physiotherapeut,"Stollenrain 4, 4144 Arlesheim",https://www.onedoc.ch/de/physiotherapeutin/arlesheim/pk7x/susi-aeschlimann-gfeller
Dr. Diana Afaneh,Zahnarzt,"Aavorstadt 39, 5600 Lenzburg",https://www.onedoc.ch/de/zahnarztin/lenzburg/ppd0/dr-diana-afaneh
Herr Redouan Afantrous,Cranio Sacral-Therapeut,"Rue du Mont-Blanc 20, 1201 Genf",https://www.onedoc.ch/de/cranio-sacral-therapeut/genf/pcuho/redouan-afantrous
Dr. Gholam Reza Afarideh,Facharzt für Allgemeine Innere Medizin,"Schöngrünstrasse 42, 4500 Solothurn",https://www.onedoc.ch/de/facharzt-fur-allgemeine-innere-medizin/solothurn/pby7t/dr-gholam-reza-afarideh
Dr. Julia Affentranger,Kinderarzt,"Bahnhofstrasse 42, 6210 Sursee",https://www.onedoc.ch/de/kinderarztin/sursee/pbrir/dr-julia-affentranger
Dr. Paul Affentranger,Facharzt für Allgemeine Innere Medizin,"Sonnenmatte 1, 6173 Flühli",https://www.onedoc.ch/de/facharzt-fur-allgemeine-innere-medizin/fluhli/pvth/dr-paul-affentranger
Dr. Urs Affentranger,Facharzt für Allgemeine Innere Medizin,"Schnydermatt 11, 6210 Sursee",https://www.onedoc.ch/de/facharzt-fur-allgemeine-innere-medizin/sursee/pvqq/dr-urs-affentranger
Dr. Till Afflerbach,Psychiater,"Rheinstrasse 11, 8500 Frauenfeld",https://www.onedoc.ch/de/psychiater/frauenfeld/pbf0v/dr-till-afflerbach
Dr. Till Afflerbach,Psychiater,"Schützenstrasse 15, 8570 Weinfelden",https://www.onedoc.ch/de/psychiater/weinfelden/pb0ve/dr-till-afflerbach
Dr. Alexandre Affolter,Facharzt für Allgemeine Innere Medizin,"Route du Postillon 5, 1784 Courtepin",https://www.onedoc.ch/de/facharzt-fur-allgemeine-innere-medizin/courtepin/p6yb/dr-alexandre-affolter
Dr. Bernhard Affolter,Psychiater,"Grenzacherstrasse 9, 4058 Basel",https://www.onedoc.ch/de/psychiater/basel/puhk/dr-bernhard-affolter
Dr. Christoph Affolter,Facharzt für Allgemeine Innere Medizin,"Belchenstrasse 42, 4900 Langenthal",https://www.onedoc.ch/de/facharzt-fur-allgemeine-innere-medizin/langenthal/pu8j/dr-christoph-affolter
Dr. Hans-Peter Affolter,Facharzt für Allgemeine Innere Medizin,"Hauptstrasse 38, 4542 Luterbach",https://www.onedoc.ch/de/facharzt-fur-allgemeine-innere-medizin/luterbach/pbcmt/dr-hans-peter-affolter
Dr. Kristina Affolter,Pneumologe (Lungenspezialist),"Büntenweg 1041, 5728 Gontenschwil",https://www.onedoc.ch/de/pneumologin-lungenspezialistin/gontenschwil/pbqr4/dr-kristina-affolter
Dr. Kristina Affolter,Pneumologe (Lungenspezialist),"Baslerstrasse 150, 4600 Olten",https://www.onedoc.ch/de/pneumologin-lungenspezialistin/olten/pbsf4/dr-kristina-affolter
Dr. Simone Affolter,Facharzt für Allgemeine Innere Medizin,"Affolternstrasse 15, 3462 Weier im Emmental",https://www.onedoc.ch/de/facharztin-fur-allgemeine-innere-medizin/weier-im-emmental/pbq4f/dr-simone-affolter
Dr. Stefan Affolter,Kieferorthopäde,"Alte Landstrasse 130, 8800 Thalwil",https://www.onedoc.ch/de/kieferorthopade/thalwil/pbowv/dr-stefan-affolter
Dr. Barbara Affolter Baumberger,Intensivmediziner,"Freiburgstrasse 28, 3010 Bern",https://www.onedoc.ch/de/intensivmedizinerin/bern/pbpyz/dr-barbara-affolter-baumberger
Frau Jutta Affolter Helbling,Physiotherapeut,"Büelstrasse 29, 8132 Hinteregg",https://www.onedoc.ch/de/physiotherapeutin/hinteregg/pk7y/jutta-affolter-helbling
Dr. Annemarie Affolter-Köchli,Zahnarzt,"Müntschemiergasse 24, 3232 Ins",https://www.onedoc.ch/de/zahnarztin/ins/ppd2/dr-annemarie-affolter-kochli
Dr. Mohamed Afif,Kardiologe,"Rue de Chantepoulet 10, 1201 Genf",https://www.onedoc.ch/de/kardiologe/genf/p8c7/dr-mohamed-afif
Dr. Kaweh Afkhampour,Anästhesiologe,"Forchstrasse 340, 8008 Zürich",https://www.onedoc.ch/de/anasthesiologe/zurich/pboww/dr-kaweh-afkhampour
Frau Melie Afonso,Psychologe,"Rue du Port 8, 1204 Genf",https://www.onedoc.ch/de/psychologin/genf/pcuf3/melie-afonso
Dr. Oliver Afschani,Radiologe,"Neue Jonastrasse 59, 8640 Rapperswil",https://www.onedoc.ch/de/radiologe/rapperswil/pbdn0/dr-oliver-afschani
Dr. Esad Aganovic,Hausarzt (Allgemeinmedizin),"Rue Bellevue 42, 2400 Le Locle",https://www.onedoc.ch/de/hausarzt-allgemeinmedizin/le-locle/pbbjg/dr-esad-aganovic
Dipl. med. Bhavesh Aggarwal,Hausarzt (Allgemeinmedizin),"Ramuzstrasse 18, 3027 Bern",https://www.onedoc.ch/de/hausarzt-allgemeinmedizin/bern/pctzl/dipl-med-bhavesh-aggarwal
Dr. Yacine Aggoun,Kinderarzt,"Rue Willy-Donzé 6, 1205 Genf",https://www.onedoc.ch/de/kinderarzt/genf/p8c8/dr-yacine-aggoun
Dr. Jérôme Aghaie,Hausarzt (Allgemeinmedizin),"Rue de Genève 20, 1225 Chêne-Bourg",https://www.onedoc.ch/de/hausarzt-allgemeinmedizin/chene-bourg/p8c9/dr-jerome-aghaie
Dr. Karia Aghamiri,Facharzt für Allgemeine Innere Medizin,"Tisliacherstrasse 5, 8320 Fehraltorf",https://www.onedoc.ch/de/facharzt-fur-allgemeine-innere-medizin/fehraltorf/pxah/dr-karia-aghamiri
Dr. Elspeth Aghanya,Kinderarzt,"Place de la Diversité 1, 1217 Meyrin",https://www.onedoc.ch/de/kinderarztin/meyrin/p7iv/dr-elspeth-aghanya
Dr. Dimitrios Agiakatsikas,Facharzt für Allgemeine Innere Medizin,"Viale Officina 7, 6500 Bellinzona",https://www.onedoc.ch/de/facharzt-fur-allgemeine-innere-medizin/bellinzona/pbepb/dr-dimitrios-agiakatsikas
Dr. Dimitrios Agiakatsikas,Facharzt für Allgemeine Innere Medizin,"Ai Brascéi 15, 6702 Claro",https://www.onedoc.ch/de/facharzt-fur-allgemeine-innere-medizin/claro/pbepa/dr-dimitrios-agiakatsikas
Dipl. med. Kristina Agiseva Assistenzärztin,Augenarzt,"Neue Winterthurerstrasse 99, 8304 Wallisellen",https://www.onedoc.ch/de/augenarztin/wallisellen/pcupe/dipl-med-kristina-agiseva-assistenzarztin
Dipl. med. Kristina Agiseva Assistenzärztin,Augenarzt,"Sechtbachweg 2, 8180 Bülach",https://www.onedoc.ch/de/augenarztin/bulach/pcswr/dipl-med-kristina-agiseva-assistenzarztin
Dr. Marco Aglietta,Zahnarzt,"Belpbergstrasse 1, 3123 Belp",https://www.onedoc.ch/de/zahnarzt/belp/ppd3/dr-marco-aglietta
Dr. Baldur Uwe Agnes,Zahnarzt,"Zürcherstrasse 67, 8500 Frauenfeld",https://www.onedoc.ch/de/zahnarzt/frauenfeld/pbf0x/dr-baldur-uwe-agnes
Dr. Armen Agopian,Anästhesiologe,"Rue de l'Hôpital 9, 1632 Riaz",https://www.onedoc.ch/de/anasthesiologe/riaz/pbwb8/dr-armen-agopian
Agoriaz Radiologie (réseau Medigroup),Radiologe,"Rue de Saletta 10, 1632 Riaz",https://www.onedoc.ch/de/radiologe/riaz/pb9da/agoriaz-radiologie-reseau-medigroup
Dr. Aliki Agoritsas,Hausarzt (Allgemeinmedizin),"Rue de Chantepoulet 21, 1201 Genf",https://www.onedoc.ch/de/hausarztin-allgemeinmedizinerin/genf/pcolf/dr-aliki-agoritsas
Dr. Thomas Agoritsas,Facharzt für Allgemeine Innere Medizin,"Rue Gabrielle-Perret-Gentil 4, 1205 Genf",https://www.onedoc.ch/de/facharzt-fur-allgemeine-innere-medizin/genf/pbw1x/dr-thomas-agoritsas
Dr. Reto Agosti,Neurologe,"Witellikerstrasse 40, 8008 Zürich",https://www.onedoc.ch/de/neurologe/zurich/pblq4/dr-reto-agosti
Dr. Reto Agosti,Neurologe,"Forchstrasse 424, 8702 Zollikon",https://www.onedoc.ch/de/neurologe/zollikon/pblq3/dr-reto-agosti
Dr. Reto Agosti,Neurologe,"Forchstrasse 424, 8702 Zollikon",https://www.onedoc.ch/de/neurologe/zollikon/pblq2/dr-reto-agosti
Dr. Rosario Agosti-Gonzalez,Psychiater,"Seefeldstrasse 214, 8008 Zürich",https://www.onedoc.ch/de/psychiaterin/zurich/pbqjf/dr-rosario-agosti-gonzalez
Dr. Semir Agovic,Psychiater,"Zürcherstrasse 241, 5210 Windisch",https://www.onedoc.ch/de/psychiater/windisch/pbsxh/dr-semir-agovic
Dr. Arido Agrifoglio,HNO-Arzt,"Chemin des Allinges 10, 1006 Lausanne",https://www.onedoc.ch/de/hno-arzt/lausanne/pbhi3/dr-arido-agrifoglio
Dr. Arido Agrifoglio,HNO-Arzt,"Rue d'Entremonts 11, 1400 Yverdon-les-Bains",https://www.onedoc.ch/de/hno-arzt/yverdon-les-bains/pb1ij/dr-arido-agrifoglio
Dr. Arido Agrifoglio,HNO-Arzt,"Saint-Loup 1, 1318 Pompaples",https://www.onedoc.ch/de/hno-arzt/pompaples/pb1ii/dr-arido-agrifoglio
Dr. Sabine Agster,Kieferorthopäde,"Gürtelstrasse 20, 7000 Chur",https://www.onedoc.ch/de/kieferorthopadin/chur/p9hs/dr-sabine-agster
Dr. Christoph Agten,Radiologe,"Forchstrasse 340, 8008 Zürich",https://www.onedoc.ch/de/radiologe/zurich/pb24h/dr-christoph-agten
Herr César Aguet,Psychologe,"Avenue Louis-Ruchonnet 2, 1003 Lausanne",https://www.onedoc.ch/de/psychologe/lausanne/pcod8/cesar-aguet
Dr. med. José Aguilar,Hautarzt (Dermatologe),"Bahnhofstrasse 77, 8001 Zürich",https://www.onedoc.ch/de/hautarzt-dermatologe/zurich/pctgw/dr-med-jose-aguilar
Dr. Marcelo Aguilar,Radiologe,"Rue du Lac 142, 1815 Clarens",https://www.onedoc.ch/de/radiologe/clarens/p8dc/dr-marcelo-aguilar
Dr. Marcelo Aguilar,Radiologe,"Rue de la Morâche 9, 1260 Nyon",https://www.onedoc.ch/de/radiologe/nyon/p8db/dr-marcelo-aguilar
Dr. Marcelo Aguilar,Radiologe,"Chemin des Grangettes 7, 1224 Chêne-Bougeries",https://www.onedoc.ch/de/radiologe/chene-bougeries/pbw1y/dr-marcelo-aguilar
Dr. José Aguirre,Anästhesiologe,"Forchstrasse 340, 8008 Zürich",https://www.onedoc.ch/de/anasthesiologe/zurich/pb24i/dr-jose-aguirre
Dr. John Fredua Agyeman,Neurochirurg,"Gerbeackerstrasse 11, 3210 Kerzers",https://www.onedoc.ch/de/neurochirurg/kerzers/pfjk/dr-john-fredua-agyeman
Dr. Osei Charles Agyeman,Facharzt für Allgemeine Innere Medizin,"Dorfstrasse 25A, 3324 Hindelbank",https://www.onedoc.ch/de/facharzt-fur-allgemeine-innere-medizin/hindelbank/p370/dr-osei-charles-agyeman
Dr. Philipp Agyeman,Infektiologe,"Freiburgstrasse, 3010 Bern",https://www.onedoc.ch/de/infektiologe/bern/pbvy8/dr-philipp-agyeman
Dr. Georg Ahlbäumer,Orthopädischer Chirurg,"Lürlibadstrasse 12, 7000 Chur",https://www.onedoc.ch/de/orthopadischer-chirurg/chur/p9sq/dr-georg-ahlbaumer
Dr. Georg Ahlbäumer,Orthopädischer Chirurg,"Via da li Clüsüri 1, 7742 Poschiavo",https://www.onedoc.ch/de/orthopadischer-chirurg/poschiavo/pbxq2/dr-georg-ahlbaumer
Dr. Georg Ahlbäumer,Orthopädischer Chirurg,"Via Arona 34, 7500 Sankt Moritz",https://www.onedoc.ch/de/orthopadischer-chirurg/sankt-moritz/pbxq1/dr-georg-ahlbaumer
Dr. Astrid Ahler,Gynäkologe (Frauenarzt und Geburtshelfer),"Vogesenstrasse 134, 4031 Basel",https://www.onedoc.ch/de/gynakologin-frauenarztin-und-geburtshelferin/basel/p1qm/dr-astrid-ahler
Herr Dr. med. Joachim Ahlers MMA,Spezialist für Mikronährstoffmedizin,"Seefeldstrasse 283, 8008 Zürich",https://www.onedoc.ch/de/spezialist-fur-mikronahrstoffmedizin/zurich/pcglb/dr-med-joachim-ahlers-mma
Dr. Thorsten Ahlert,Hausarzt (Allgemeinmedizin),"Querstrasse 15, 8050 Zürich",https://www.onedoc.ch/de/hausarzt-allgemeinmedizin/zurich/pblq7/dr-thorsten-ahlert
Prof. Frank Johannes Ahlhelm,Radiologe,"Im Ergel 1, 5404 Baden",https://www.onedoc.ch/de/radiologe/baden/pbsxi/prof-frank-johannes-ahlhelm
Dr. Abdulrahman Ahmad,Kardiologe,"Rathausstrasse 11, 8570 Weinfelden",https://www.onedoc.ch/de/kardiologe/weinfelden/pbf0y/dr-abdulrahman-ahmad
Dr. Chiran Ahmad,Hausarzt (Allgemeinmedizin),"Place Centrale 9B, 1920 Martigny",https://www.onedoc.ch/de/hausarzt-allgemeinmedizin/martigny/pbixh/dr-chiran-ahmad
Dr. Farhad Ahmad,Facharzt für Allgemeine Innere Medizin,"Eschenstrasse 11, 9403 Goldach",https://www.onedoc.ch/de/facharzt-fur-allgemeine-innere-medizin/goldach/pgz/dr-farhad-ahmad
Dr. Torjalei Ahmad,Zahnarzt,"Weiermattstrasse 2, 5242 Birr",https://www.onedoc.ch/de/zahnarzt/birr/pz3g/dr-torjalei-ahmad
Dr. Asin Ahmad Haschemi,Zahnarzt,"Claragraben 95, 4057 Basel",https://www.onedoc.ch/de/zahnarztin/basel/p1qn/dr-asin-ahmad-haschemi
Dr. Alexandre Ahmadi,Psychiater,"Avenue Dumas 19B, 1206 Genf",https://www.onedoc.ch/de/psychiater/genf/psx/dr-alexandre-ahmadi
Dr. Khosrow Ahmadi,Urologe,"Loëstrasse 170, 7000 Chur",https://www.onedoc.ch/de/urologe/chur/p9ss/dr-khosrow-ahmadi
Dr. med. Daoud Ahmadsey,Kardiologe,"Bahnhofstrasse 29, 5000 Aarau",https://www.onedoc.ch/de/kardiologe/aarau/pz3h/dr-med-daoud-ahmadsey
Dr. Farah Ahmanna Chakir,Rheumatologe,"Chemin des Pensionnats 2-6, 1708 Freiburg",https://www.onedoc.ch/de/rheumatologin/freiburg/p6pu/dr-farah-ahmanna-chakir
